GROUP_ID,WELL_CD,ROC_VOLTAGE,FLOW,PRESSURE_TH,TSTART
28,ACRUS1,1445-EB-0005.RM_PV,1445-F-0005.RM_PV,1445-P_TH-0005.RM_PV,29/06/2016 5:31
37,ALIS2,1117-EB-0002.RM_PV,1117-F-0002.RM_PV,1117-P_TH-0002.RM_PV,29/06/2016 5:31
23,ALLAM1,1251-EB-0002.RM_PV,1251-F-0002.RM_PV,1251-P_TH-0002.RM_PV,29/06/2016 5:32
47,ALLUN1,1033-EB-0005.RM_PV,1033-F-0005.RM_PV,1033-P_TH-0005.RM_PV,29/06/2016 5:34
47,ALLUN2,1033-EB-00010.RM_PV,1033-F-00010.RM_PV,1033-P_TH-00010.RM_PV,2/04/2017 0:24
47,ALLUN3,1033-EB-00015.RM_PV,1033-F-00015.RM_PV,1033-P_TH-00015.RM_PV,1/04/2017 20:37
34,AMYE2,1153-EB-00003.RM_PV,1153-F-00003.RM_PV,1153-P_TH-00003.RM_PV,23/09/2021 1:36
8,ANDR3,1204-EB-0011.RM_PV,1204-F-0011.RM_PV,1204-P_TH-0011.RM_PV,29/06/2016 5:32
8,ANDR4,1204-EB-0025.RM_PV,1204-F-0025.RM_PV,1204-P_TH-0025.RM_PV,29/06/2016 5:33
20,ANTH1,1471-EB-00001.RM_PV,1471-F-00001.RM_PV,1471-P_TH-00001.RM_PV,10/10/2019 3:35
20,ANTH2,1471-EB-00016.RM_PV,1471-F-00016.RM_PV,1471-P_TH-00016.RM_PV,2/05/2021 4:39
33,ARO2,1380-EB-00005.RM_PV,1380-F-00005.RM_PV,1380-P_TH-00005.RM_PV,28/09/2018 7:36
17,ARRA1,4205-EB-0001.RM_PV,4205-F-0001.RM_PV,4205-P_TH-0001.RM_PV,29/06/2016 5:34
17,ARRA_N1,4202-EB-0002.RM_PV,4202-F-0002.RM_PV,4202-P_TH-0002.RM_PV,5/07/2016 5:34
23,ASHBY1,3804-EB-0003.RM_PV,3804-F-0003.RM_PV,3804-P_TH-0003.RM_PV,29/06/2016 5:32
23,ASHBY3,3804-EB-0004.RM_PV,3804-F-0004.RM_PV,3804-P_TH-0004.RM_PV,29/06/2016 5:34
1,ASHBY4,3804-EB-0011.RM_PV,3804-F-0011.RM_PV,3804-P_TH-0011.RM_PV,29/06/2016 5:37
23,ASHN1,3804-EB-0010.RM_PV,3804-F-0010.RM_PV,3804-P_TH-0010.RM_PV,29/06/2016 5:40
41,AZTC1,1481-EB-00001.RM_PV,1481-F-00001.RM_PV,1481-P_TH-00001.RM_PV,1/12/2019 0:07
33,BAGU4,1390-EB-0009.RM_PV,1390-F-0009.RM_PV,1390-P_TH-0009.RM_PV,29/06/2016 5:33
33,BAGU5,1390-EB-0014.RM_PV,1390-F-0014.RM_PV,1390-P_TH-0014.RM_PV,29/06/2016 5:34
33,BAGU6,1390-EB-0015.RM_PV,1390-F-0015.RM_PV,1390-P_TH-0015.RM_PV,29/06/2016 6:31
33,BAGU7,1390-EB-00074.RM_PV,1390-F-00074.RM_PV,1390-P_TH-00074.RM_PV,1/09/2018 0:39
47,BALC1,1353-EB-0001.RM_PV,1353-F-0001.RM_PV,1353-P_TH-0001.RM_PV,29/06/2016 6:31
47,BALC2,1353-EB-0022.RM_PV,1353-F-0022.RM_PV,1353-P_TH-0022.RM_PV,29/06/2016 5:32
3,BALL1,1403-EB-0007.RM_PV,1403-F-0007.RM_PV,1403-P_TH-0007.RM_PV,29/06/2016 5:31
7,BANT1,1427-EB-00001.RM_PV,1427-F-00001.RM_PV,1427-P_TH-00001.RM_PV,17/09/2018 6:35
17,BARI1,1162-EB-0001.RM_PV,1162-F-0001.RM_PV,1162-P_TH-0001.RM_PV,29/06/2016 5:34
17,BARI3,1162-EB-0002.RM_PV,1162-F-0002.RM_PV,1162-P_TH-0002.RM_PV,29/06/2016 5:36
17,BARI4,1162-EB-0003.RM_PV,1162-F-0003.RM_PV,1162-P_TH-0003.RM_PV,29/06/2016 6:37
17,BARI6,1162-EB-0005.RM_PV,1162-F-0005.RM_PV,1162-P_TH-0005.RM_PV,29/06/2016 5:38
17,BARI8,1162-EB-0007.RM_PV,1162-F-0007.RM_PV,1162-P_TH-0007.RM_PV,29/06/2016 5:39
6,BARY1,1440-EB-00059.RM_PV,1440-F-00059.RM_PV,1440-P_TH-00059.RM_PV,21/11/2019 3:31
6,BARY10,1440-EB-0154.RM_PV,1440-F-0154.RM_PV,1440-P_TH-0154.RM_PV,29/06/2016 5:32
6,BARY11,1440-EB-0157.RM_PV,1440-F-0157.RM_PV,1440-P_TH-0157.RM_PV,29/06/2016 5:32
6,BARY13,1440-EB-0177.RM_PV,1440-F-0177.RM_PV,1440-P_TH-0177.RM_PV,29/06/2016 5:35
6,BARY14,1440-EB-0183.RM_PV,1440-F-0183.RM_PV,1440-P_TH-0183.RM_PV,29/06/2016 5:35
6,BARY15,1440-EB-0189.RM_PV,1440-F-0189.RM_PV,1440-P_TH-0189.RM_PV,29/06/2016 5:37
6,BARY17,1440-EB-0201.RM_PV,1440-F-0201.RM_PV,1440-P_TH-0201.RM_PV,29/06/2016 5:37
6,BARY3,1440-EB-0069.RM_PV,1440-F-0069.RM_PV,1440-P_TH-0069.RM_PV,29/06/2016 5:39
6,BARY4,1440-EB-0089.RM_PV,1440-F-0089.RM_PV,1440-P_TH-0089.RM_PV,29/06/2016 5:41
6,BARY6,1440-EB-0146.RM_PV,1440-F-0146.RM_PV,1440-P_TH-0146.RM_PV,29/06/2016 5:42
6,BARY7,1440-EB-0148.RM_PV,1440-F-0148.RM_PV,1440-P_TH-0148.RM_PV,29/06/2016 5:42
6,BARY8,1440-EB-0150.RM_PV,1440-F-0150.RM_PV,1440-P_TH-0150.RM_PV,29/06/2016 5:43
6,BARY9,1440-EB-0152.RM_PV,1440-F-0152.RM_PV,1440-P_TH-0152.RM_PV,29/06/2016 5:43
41,BCAT1,1461-EB-00001.RM_PV,1461-F-00001.RM_PV,1461-P_TH-00001.RM_PV,27/08/2019 11:47
41,BCAT2,1461-EB-00023.RM_PV,1461-F-00023.RM_PV,1461-P_TH-00023.RM_PV,7/11/2021 2:43
24,BECK1,1113-EB-0001.RM_PV,1113-F-0001.RM_PV,1113-P_TH-0001.RM_PV,29/06/2016 5:34
24,BECK2,1113-EB-0002.RM_PV,1113-F-0002.RM_PV,1113-P_TH-0002.RM_PV,29/06/2016 5:35
24,BECK3,1113-EB-0003.RM_PV,1113-F-0003.RM_PV,1113-P_TH-0003.RM_PV,29/06/2016 5:35
24,BECK6,1113-EB-00046.RM_PV,1113-F-00046.RM_PV,1113-P_TH-00046.RM_PV,4/02/2021 18:46
24,BECK7,1113-EB-00051.RM_PV,1113-F-00051.RM_PV,1113-P_TH-00051.RM_PV,9/05/2021 1:41
16,BECK8,1113-EB-00059.RM_PV,1113-F-00059.RM_PV,1113-P_TH-00059.RM_PV,27/04/2022 21:31
36,BIGL1,1030-EB-9438.RM_PV,1030-F-9438.RM_PV,1030-P_TH-9438.RM_PV,29/06/2016 5:34
47,BIGL100,1030-EB-8126.RM_PV,1030-F-8126.RM_PV,1030-P_TH-8126.RM_PV,29/06/2016 5:35
36,BIGL11,1030-EB-9434.RM_PV,1030-F-9434.RM_PV,1030-P_TH-9434.RM_PV,29/06/2016 5:39
36,BIGL12,1030-EB-9487.RM_PV,1030-F-9487.RM_PV,1030-P_TH-9487.RM_PV,29/06/2016 5:35
2,BIGL13,1030-EB-9439.RM_PV,1030-F-9439.RM_PV,1030-P_TH-9439.RM_PV,29/06/2016 5:36
2,BIGL131,1030-EB-00139.RM_PV,1030-F-00139.RM_PV,1030-P_TH-00139.RM_PV,29/06/2016 5:45
47,BIGL134,1030-EB-00218.RM_PV,1030-F-00218.RM_PV,1030-P_TH-00218.RM_PV,5/04/2017 5:22
6,BIGL135,1030-EB-00224.RM_PV,1030-F-00224.RM_PV,1030-P_TH-00224.RM_PV,23/03/2017 22:06
6,BIGL136,1030-EB-00229.RM_PV,1030-F-00229.RM_PV,1030-P_TH-00229.RM_PV,23/03/2017 22:09
6,BIGL137,1030-EB-00235.RM_PV,1030-F-00235.RM_PV,1030-P_TH-00235.RM_PV,23/03/2017 21:53
6,BIGL138,1030-EB-00240.RM_PV,1030-F-00240.RM_PV,1030-P_TH-00240.RM_PV,23/03/2017 22:46
21,BIGL139,1030-EB-00246.RM_PV,1030-F-00246.RM_PV,1030-P_TH-00246.RM_PV,10/10/2017 1:31
36,BIGL14,1030-EB-5107.RM_PV,1030-F-5107.RM_PV,1030-P_TH-5107.RM_PV,29/06/2016 5:47
36,BIGL140,1030-EB-00251.RM_PV,1030-F-00251.RM_PV,1030-P_TH-00251.RM_PV,10/10/2017 1:31
36,BIGL141,1030-EB-00256.RM_PV,1030-F-00256.RM_PV,1030-P_TH-00256.RM_PV,10/10/2017 2:31
36,BIGL142,1030-EB-00261.RM_PV,1030-F-00261.RM_PV,1030-P_TH-00261.RM_PV,10/10/2017 2:00
36,BIGL143,1030-EB-00266.RM_PV,1030-F-00266.RM_PV,1030-P_TH-00266.RM_PV,10/10/2017 7:31
47,BIGL144,1030-EB-00272.RM_PV,1030-F-00272.RM_PV,1030-P_TH-00272.RM_PV,20/12/2018 7:45
47,BIGL145,1030-EB-00277.RM_PV,1030-F-00277.RM_PV,1030-P_TH-00277.RM_PV,20/12/2018 5:51
47,BIGL146,1030-EB-00282.RM_PV,1030-F-00282.RM_PV,1030-P_TH-00282.RM_PV,20/12/2018 6:51
41,BIGL148,1030-EB-00294.RM_PV,1030-F-00294.RM_PV,1030-P_TH-00294.RM_PV,20/04/2021 9:55
41,BIGL149,1030-EB-00299.RM_PV,1030-F-00299.RM_PV,1030-P_TH-00299.RM_PV,20/04/2021 9:55
36,BIGL15,1030-EB-9442.RM_PV,1030-F-9442.RM_PV,1030-P_TH-9442.RM_PV,29/06/2016 5:34
41,BIGL150,1030-EB-00444.RM_PV,1030-F-00444.RM_PV,1030-P_TH-00444.RM_PV,11/06/2019 23:28
41,BIGL151,1030-EB-00587.RM_PV,1030-F-00587.RM_PV,1030-P_TH-00587.RM_PV,20/04/2021 9:56
41,BIGL152,1030-EB-00594.RM_PV,1030-F-00594.RM_PV,1030-P_TH-00594.RM_PV,20/04/2021 9:57
17,BIGL154,1030-EB-00610.RM_PV,1030-F-00610.RM_PV,1030-P_TH-00610.RM_PV,3/10/2021 7:08
36,BIGL157,1030-EB-00625.RM_PV,1030-F-00625.RM_PV,1030-P_TH-00625.RM_PV,10/08/2021 3:58
17,BIGL16,1030-EB-9437.RM_PV,1030-F-9437.RM_PV,1030-P_TH-9437.RM_PV,29/06/2016 5:48
42,BIGL17,1030-EB-9495.RM_PV,1030-F-9495.RM_PV,1030-P_TH-9495.RM_PV,29/06/2016 5:49
42,BIGL2,1030-EB-0375.RM_PV,1030-F-0375.RM_PV,1030-P_TH-0375.RM_PV,29/06/2016 5:50
36,BIGL20,1030-EB-9441.RM_PV,1030-F-9441.RM_PV,1030-P_TH-9441.RM_PV,29/06/2016 5:36
3,BIGL21,1030-EB-0396.RM_PV,1030-F-0396.RM_PV,1030-P_TH-0396.RM_PV,29/06/2016 5:38
36,BIGL22,1030-EB-0403.RM_PV,1030-F-0403.RM_PV,1030-P_TH-0403.RM_PV,29/06/2016 5:38
2,BIGL23,1030-EB-5108.RM_PV,1030-F-5108.RM_PV,1030-P_TH-5108.RM_PV,29/06/2016 5:50
36,BIGL24,1030-EB-5109.RM_PV,1030-F-5109.RM_PV,1030-P_TH-5109.RM_PV,29/06/2016 5:51
36,BIGL25,1030-EB-0401.RM_PV,1030-F-0401.RM_PV,1030-P_TH-0401.RM_PV,29/06/2016 5:52
42,BIGL26,1030-EB-9471.RM_PV,1030-F-9471.RM_PV,1030-P_TH-9471.RM_PV,29/06/2016 5:53
42,BIGL29,1030-EB-0417.RM_PV,1030-F-0417.RM_PV,1030-P_TH-0417.RM_PV,29/06/2016 5:54
42,BIGL3,1030-EB-10499.RM_PV,1030-F-10499.RM_PV,1030-P_TH-10499.RM_PV,29/06/2016 5:55
3,BIGL30,1030-EB-9363.RM_PV,1030-F-9363.RM_PV,1030-P_TH-9363.RM_PV,29/06/2016 5:39
47,BIGL31,1030-EB-0082.RM_PV,1030-F-0082.RM_PV,1030-P_TH-0082.RM_PV,29/06/2016 5:40
42,BIGL32,1030-EB-9472.RM_PV,1030-F-9472.RM_PV,1030-P_TH-9472.RM_PV,29/06/2016 5:56
36,BIGL33,1030-EB-5114.RM_PV,1030-F-5114.RM_PV,1030-P_TH-5114.RM_PV,29/06/2016 5:57
42,BIGL34,1030-EB-0425.RM_PV,1030-F-0425.RM_PV,1030-P_TH-0425.RM_PV,29/06/2016 5:58
36,BIGL35,1030-EB-9473.RM_PV,1030-F-9473.RM_PV,1030-P_TH-9473.RM_PV,29/06/2016 4:56
36,BIGL4,1030-EB-10049.RM_PV,1030-F-10049.RM_PV,1030-P_TH-10049.RM_PV,29/06/2016 4:56
36,BIGL41,1030-EB-5110.RM_PV,1030-F-5110.RM_PV,1030-P_TH-5110.RM_PV,29/06/2016 5:41
36,BIGL43,1030-EB-0433.RM_PV,1030-F-0433.RM_PV,1030-P_TH-0433.RM_PV,29/06/2016 4:58
42,BIGL44,1030-EB-5111.RM_PV,1030-F-5111.RM_PV,1030-P_TH-5111.RM_PV,29/06/2016 4:59
2,BIGL45,1030-EB-9458.RM_PV,1030-F-9458.RM_PV,1030-P_TH-9458.RM_PV,29/06/2016 5:00
36,BIGL46,1030-EB-5112.RM_PV,1030-F-5112.RM_PV,1030-P_TH-5112.RM_PV,29/06/2016 5:41
2,BIGL47,1030-EB-9486.RM_PV,1030-F-9486.RM_PV,1030-P_TH-9486.RM_PV,29/06/2016 5:42
36,BIGL5,1030-EB-9431.RM_PV,1030-F-9431.RM_PV,1030-P_TH-9431.RM_PV,29/06/2016 5:01
36,BIGL50,1030-EB-0083.RM_PV,1030-F-0083.RM_PV,1030-P_TH-0083.RM_PV,29/06/2016 5:34
36,BIGL52,1030-EB-5113.RM_PV,1030-F-5113.RM_PV,1030-P_TH-5113.RM_PV,29/06/2016 5:43
42,BIGL56,1030-EB-9389.RM_PV,1030-F-9389.RM_PV,1030-P_TH-9389.RM_PV,29/06/2016 5:44
36,BIGL6,1030-EB-9436.RM_PV,1030-F-9436.RM_PV,1030-P_TH-9436.RM_PV,29/06/2016 5:45
2,BIGL62,1030-EB-2592.RM_PV,1030-F-2592.RM_PV,1030-P_TH-2592.RM_PV,29/06/2016 6:03
42,BIGL63,1030-EB-9422.RM_PV,1030-F-9422.RM_PV,1030-P_TH-9422.RM_PV,29/06/2016 5:46
36,BIGL64,1030-EB-9425.RM_PV,1030-F-9425.RM_PV,1030-P_TH-9425.RM_PV,29/06/2016 5:02
36,BIGL66,1030-EB-9428.RM_PV,1030-F-9428.RM_PV,1030-P_TH-9428.RM_PV,29/06/2016 5:46
36,BIGL67,1030-EB-9426.RM_PV,1030-F-9426.RM_PV,1030-P_TH-9426.RM_PV,29/06/2016 5:03
2,BIGL68,1030-EB-9435.RM_PV,1030-F-9435.RM_PV,1030-P_TH-9435.RM_PV,29/06/2016 5:04
42,BIGL69,1030-EB-9470.RM_PV,1030-F-9470.RM_PV,1030-P_TH-9470.RM_PV,29/06/2016 5:48
2,BIGL7,1030-EB-5106.RM_PV,1030-F-5106.RM_PV,1030-P_TH-5106.RM_PV,29/06/2016 5:48
36,BIGL70,1030-EB-0368.RM_PV,1030-F-0368.RM_PV,1030-P_TH-0368.RM_PV,29/06/2016 5:35
36,BIGL71,1030-EB-9476.RM_PV,1030-F-9476.RM_PV,1030-P_TH-9476.RM_PV,29/06/2016 5:05
36,BIGL72,1030-EB-9477.RM_PV,1030-F-9477.RM_PV,1030-P_TH-9477.RM_PV,29/06/2016 5:49
2,BIGL75,1030-EB-9478.RM_PV,1030-F-9478.RM_PV,1030-P_TH-9478.RM_PV,29/06/2016 5:06
36,BIGL76,1030-EB-2593.RM_PV,1030-F-2593.RM_PV,1030-P_TH-2593.RM_PV,29/06/2016 5:36
42,BIGL77,1030-EB-2594.RM_PV,1030-F-2594.RM_PV,1030-P_TH-2594.RM_PV,29/06/2016 5:07
2,BIGL78,1030-EB-9479.RM_PV,1030-F-9479.RM_PV,1030-P_TH-9479.RM_PV,29/06/2016 5:08
36,BIGL8,1030-EB-9433.RM_PV,1030-F-9433.RM_PV,1030-P_TH-9433.RM_PV,29/06/2016 5:50
42,BIGL80,1030-EB-9481.RM_PV,1030-F-9481.RM_PV,1030-P_TH-9481.RM_PV,29/06/2016 5:09
36,BIGL81,1030-EB-9482.RM_PV,1030-F-9482.RM_PV,1030-P_TH-9482.RM_PV,29/06/2016 5:50
36,BIGL82,1030-EB-9483.RM_PV,1030-F-9483.RM_PV,1030-P_TH-9483.RM_PV,29/06/2016 5:10
36,BIGL83,1030-EB-9493.RM_PV,1030-F-9493.RM_PV,1030-P_TH-9493.RM_PV,29/06/2016 5:11
36,BIGL84,1030-EB-9497.RM_PV,1030-F-9497.RM_PV,1030-P_TH-9497.RM_PV,29/06/2016 5:39
36,BIGL85,1030-EB-9499.RM_PV,1030-F-9499.RM_PV,1030-P_TH-9499.RM_PV,29/06/2016 5:12
36,BIGL9,1030-EB-0382.RM_PV,1030-F-0382.RM_PV,1030-P_TH-0382.RM_PV,29/06/2016 5:51
36,BIGL92,1030-EB-10029.RM_PV,1030-F-10029.RM_PV,1030-P_TH-10029.RM_PV,29/06/2016 5:13
42,BIGL93,1030-EB-10022.RM_PV,1030-F-10022.RM_PV,1030-P_TH-10022.RM_PV,29/06/2016 5:14
36,BIGL94,1030-EB-10015.RM_PV,1030-F-10015.RM_PV,1030-P_TH-10015.RM_PV,29/06/2016 5:15
36,BIGL99,1030-EB-8142.RM_PV,1030-F-8142.RM_PV,1030-P_TH-8142.RM_PV,29/06/2016 5:17
27,BIND1,1245-EB-0001.RM_PV,1245-F-0001.RM_PV,1245-P_TH-0001.RM_PV,29/06/2016 5:31
27,BIND2,1245-EB-0006.RM_PV,1245-F-0006.RM_PV,1245-P_TH-0006.RM_PV,29/06/2016 5:33
27,BIND3,1245-EB-0008.RM_PV,1245-F-0008.RM_PV,1245-P_TH-0008.RM_PV,29/06/2016 5:34
27,BIND4,1245-EB-00020.RM_PV,1245-F-00020.RM_PV,1245-P_TH-00020.RM_PV,2/11/2020 5:22
27,BIND5,1245-EB-00035.RM_PV,1245-F-00035.RM_PV,1245-P_TH-00035.RM_PV,2/11/2020 3:39
3,BLW3,1415-EB-0034.RM_PV,1415-F-0034.RM_PV,1415-P_TH-0034.RM_PV,29/06/2016 5:33
19,BOBS1,1172-EB-0001.RM_PV,1172-F-0001.RM_PV,1172-P_TH-0001.RM_PV,29/06/2016 5:52
19,BOBS2,1172-EB-0003.RM_PV,1172-F-0003.RM_PV,1172-P_TH-0003.RM_PV,29/06/2016 5:18
19,BOBS3,1172-EB-0028.RM_PV,1172-F-0028.RM_PV,1172-P_TH-0028.RM_PV,29/06/2016 5:41
42,BOLAH1,1479-EB-00003.RM_PV,1479-F-00003.RM_PV,1479-P_TH-00003.RM_PV,29/06/2016 5:31
42,BOLAH2,1479-EB-00004.RM_PV,1479-F-00004.RM_PV,1479-P_TH-00004.RM_PV,29/06/2016 5:33
42,BOLAH3,1479-EB-00023.RM_PV,1479-F-00023.RM_PV,1479-P_TH-00023.RM_PV,16/07/2019 10:40
42,BOLAH5,1479-EB-00033.RM_PV,1479-F-00033.RM_PV,1479-P_TH-00033.RM_PV,2/04/2021 5:38
46,BOOK3,1350-EB-0147.RM_PV,1350-F-0147.RM_PV,1350-P_TH-0147.RM_PV,29/06/2016 5:33
46,BOOK8,1350-EB-0149.RM_PV,1350-F-0149.RM_PV,1350-P_TH-0149.RM_PV,29/06/2016 6:35
46,BOOKA1,1350-EB-0924.RM_PV,1350-F-0924.RM_PV,1350-P_TH-0924.RM_PV,29/06/2016 5:37
46,BOOKA2,1350-EB-0918.RM_PV,1350-F-0918.RM_PV,1350-P_TH-0918.RM_PV,29/06/2016 5:38
46,BOOKA4,1350-EB-0148.RM_PV,1350-F-0148.RM_PV,1350-P_TH-0148.RM_PV,29/06/2016 5:38
23,BOON2,1101-EB-0002.RM_PV,1101-F-0002.RM_PV,1101-P_TH-0002.RM_PV,29/06/2016 5:36
24,BOW1,1116-EB-0002.RM_PV,1116-F-0002.RM_PV,1116-P_TH-0002.RM_PV,29/06/2016 5:37
24,BOW2,1116-EB-0001.RM_PV,1116-F-0001.RM_PV,1116-P_TH-0001.RM_PV,29/06/2016 6:38
2,BOW3,1116-EB-00041.RM_PV,1116-F-00041.RM_PV,1116-P_TH-00041.RM_PV,22/05/2022 6:45
1,BROKA1,1474-EB-0004.RM_PV,1474-F-0004.RM_PV,1474-P_TH-0004.RM_PV,29/06/2016 5:35
1,BROKA11,1474-EB-0071.RM_PV,1474-F-0071.RM_PV,1474-P_TH-0071.RM_PV,29/06/2016 5:37
1,BROKA12,1474-EB-0079.RM_PV,1474-F-0079.RM_PV,1474-P_TH-0079.RM_PV,29/06/2016 5:39
1,BROKA14,1474-EB-00019.RM_PV,1474-F-00019.RM_PV,1474-P_TH-00019.RM_PV,29/06/2016 5:43
1,BROKA18,1474-EB-00086.RM_PV,1474-F-00086.RM_PV,1474-P_TH-00086.RM_PV,14/02/2019 4:53
1,BROKA21,1475-EB-00001.RM_PV,1475-F-00001.RM_PV,1475-P_TH-00001.RM_PV,19/02/2022 22:47
1,BROKA22,1474-EB-00099.RM_PV,1474-F-00099.RM_PV,1474-P_TH-00099.RM_PV,19/12/2021 20:49
1,BROKA23,1474-EB-00114.RM_PV,1474-F-00114.RM_PV,1474-P_TH-00114.RM_PV,8/12/2021 11:49
7,BROKA24,1474-EB-00119.RM_PV,1474-F-00119.RM_PV,1474-P_TH-00119.RM_PV,23/04/2022 2:52
1,BROKA3,1474-EB-0024.RM_PV,1474-F-0024.RM_PV,1474-P_TH-0024.RM_PV,29/06/2016 5:48
1,BROKA5,1474-EB-0066.RM_PV,1474-F-0066.RM_PV,1474-P_TH-0066.RM_PV,29/06/2016 5:49
1,BROKA9,1474-EB-0070.RM_PV,1474-F-0070.RM_PV,1474-P_TH-0070.RM_PV,29/06/2016 5:51
47,BROL1,1203-EB-0018.RM_PV,1203-F-0018.RM_PV,1203-P_TH-0018.RM_PV,29/06/2016 5:36
47,BROL3,1203-EB-0011.RM_PV,1203-F-0011.RM_PV,1203-P_TH-0011.RM_PV,29/06/2016 6:33
47,BROL4,1203-EB-0020.RM_PV,1203-F-0020.RM_PV,1203-P_TH-0020.RM_PV,29/06/2016 6:36
47,BROL5,1203-EB-0467.RM_PV,1203-F-0467.RM_PV,1203-P_TH-0467.RM_PV,29/06/2016 5:33
47,BROL6,1203-EB-00035.RM_PV,1203-F-00035.RM_PV,1203-P_TH-00035.RM_PV,5/08/2020 5:18
47,BROL7,1203-EB-00040.RM_PV,1203-F-00040.RM_PV,1203-P_TH-00040.RM_PV,5/08/2020 3:44
23,BRUM10,1160-EB-8450.RM_PV,1160-F-8450.RM_PV,1160-P_TH-8450.RM_PV,29/06/2016 5:31
23,BRUM12,1160-EB-8462.RM_PV,1160-F-8462.RM_PV,1160-P_TH-8462.RM_PV,29/06/2016 5:32
23,BRUM13,1160-EB-8548.RM_PV,1160-F-8548.RM_PV,1160-P_TH-8548.RM_PV,29/06/2016 5:34
23,BRUM14,1160-EB-00032.RM_PV,1160-F-00032.RM_PV,1160-P_TH-00032.RM_PV,21/04/2021 21:31
23,BRUM8,1160-EB-0029.RM_PV,1160-F-0029.RM_PV,1160-P_TH-0029.RM_PV,29/06/2016 5:35
42,BUNG2,4211-EB-0005.RM_PV,4211-F-0005.RM_PV,4211-P_TH-0005.RM_PV,29/06/2016 5:42
43,BURKE12,1110-EB-0720.RM_PV,1110-F-0720.RM_PV,1110-P_TH-0720.RM_PV,29/06/2016 5:40
43,BURKE4,1110-EB-0713.RM_PV,1110-F-0713.RM_PV,1110-P_TH-0713.RM_PV,29/06/2016 5:41
43,BURKE7,1110-EB-0673.RM_PV,1110-F-0673.RM_PV,1110-P_TH-0673.RM_PV,29/06/2016 5:41
43,BURKE8,1110-EB-0675.RM_PV,1110-F-0675.RM_PV,1110-P_TH-0675.RM_PV,29/06/2016 5:42
36,CALA1,1167-EB-0009.RM_PV,1167-F-0009.RM_PV,1167-P_TH-0009.RM_PV,29/06/2016 5:36
36,CALA3,1167-EB-0003.RM_PV,1167-F-0003.RM_PV,1167-P_TH-0003.RM_PV,29/06/2016 5:37
16,CARA2,1154-EB-00004.RM_PV,1154-F-00004.RM_PV,1154-P_TH-00004.RM_PV,2/06/2017 6:40
16,CARAK1,1154-EB-8514.RM_PV,1154-F-8514.RM_PV,1154-P_TH-8514.RM_PV,29/06/2016 5:43
33,CBRY1,1473-EB-0008.RM_PV,1473-F-0008.RM_PV,1473-P_TH-0008.RM_PV,29/06/2016 4:52
32,CDENZA1,1211-EB-00001.RM_PV,1211-F-00001.RM_PV,1211-P_TH-00001.RM_PV,29/06/2016 5:35
12,CHERO1,1422-EB-00039.RM_PV,1422-F-00039.RM_PV,1422-P_TH-00039.RM_PV,30/01/2020 5:38
12,CHERO2,1422-EB-00049.RM_PV,1422-F-00049.RM_PV,1422-P_TH-00049.RM_PV,16/10/2021 22:03
7,CHIN1,1468-EB-0001.RM_PV,1468-F-0001.RM_PV,1468-P_TH-0001.RM_PV,29/06/2016 5:44
42,CHIR1,1185-EB-0027.RM_PV,1185-F-0027.RM_PV,1185-P_TH-0027.RM_PV,29/06/2016 5:35
41,CHK1,2400-EB-0194.RM_PV,2400-F-0194.RM_PV,2400-P_TH-0194.RM_PV,29/06/2016 5:46
41,CHK10,2400-EB-0166.RM_PV,2400-F-0166.RM_PV,2400-P_TH-0166.RM_PV,29/06/2016 5:46
41,CHK2,2400-EB-0201.RM_PV,2400-F-0201.RM_PV,2400-P_TH-0201.RM_PV,29/06/2016 4:22
41,CHK4,2400-EB-0210.RM_PV,2400-F-0210.RM_PV,2400-P_TH-0210.RM_PV,29/06/2016 5:48
41,CHK9,2400-EB-0156.RM_PV,2400-F-0156.RM_PV,2400-P_TH-0156.RM_PV,29/06/2016 5:49
26,CM11,5800-EB-0190.RM_PV,5800-F-0190.RM_PV,5800-P_TH-0190.RM_PV,29/06/2016 5:33
10,CM13,5800-EB-0230.RM_PV,5800-F-0230.RM_PV,5800-P_TH-0230.RM_PV,29/06/2016 5:34
26,CM14B,5800-EB-0256.RM_PV,5800-F-0256.RM_PV,5800-P_TH-0256.RM_PV,29/06/2016 5:35
26,CM15,5800-EB-0241.RM_PV,5800-F-0241.RM_PV,5800-P_TH-0241.RM_PV,29/06/2016 5:36
34,CM16A,5800-EB-0304.RM_PV,5800-F-0304.RM_PV,5800-P_TH-0304.RM_PV,29/06/2016 5:36
34,CM17B,5800-EB-0325.RM_PV,5800-F-0325.RM_PV,5800-P_TH-0325.RM_PV,29/06/2016 5:38
10,CM19U,5800-EB-0843.RM_PV,5800-F-0843.RM_PV,5800-P_TH-0843.RM_PV,29/06/2016 5:38
10,CM1L,5800-EB-0850.RM_PV,5800-F-0850.RM_PV,5800-P_TH-0850.RM_PV,29/06/2016 5:39
10,CM1U,5800-EB-0007.RM_PV,5800-F-0007.RM_PV,5800-P_TH-0007.RM_PV,29/06/2016 5:40
6,CM2,5800-EB-0027.RM_PV,5800-F-0027.RM_PV,5800-P_TH-0027.RM_PV,29/06/2016 5:40
6,CM20,5800-EB-0454.RM_PV,5800-F-0454.RM_PV,5800-P_TH-0454.RM_PV,29/06/2016 5:40
26,CM21,5800-EB-0494.RM_PV,5800-F-0494.RM_PV,5800-P_TH-0494.RM_PV,29/06/2016 5:41
42,CM22,5800-EB-0514.RM_PV,5800-F-0514.RM_PV,5800-P_TH-0514.RM_PV,29/06/2016 5:42
6,CM23,5800-EB-0534.RM_PV,5800-F-0534.RM_PV,5800-P_TH-0534.RM_PV,29/06/2016 5:42
6,CM25,5800-EB-0574.RM_PV,5800-F-0574.RM_PV,5800-P_TH-0574.RM_PV,29/06/2016 5:43
26,CM26,5800-EB-0858.RM_PV,5800-F-0858.RM_PV,5800-P_TH-0858.RM_PV,29/06/2016 5:44
26,CM27,5800-EB-0859.RM_PV,5800-F-0859.RM_PV,5800-P_TH-0859.RM_PV,25/10/2016 22:42
26,CM3,5800-EB-0037.RM_PV,5800-F-0037.RM_PV,5800-P_TH-0037.RM_PV,29/06/2016 5:45
42,CM4L,5800-EB-0057.RM_PV,5800-F-0057.RM_PV,5800-P_TH-0057.RM_PV,29/06/2016 5:45
42,CM4U,5800-EB-0047.RM_PV,5800-F-0047.RM_PV,5800-P_TH-0047.RM_PV,29/06/2016 5:46
42,CM5,5800-EB-0067.RM_PV,5800-F-0067.RM_PV,5800-P_TH-0067.RM_PV,29/06/2016 5:47
26,CM7,5800-EB-0096.RM_PV,5800-F-0096.RM_PV,5800-P_TH-0096.RM_PV,29/06/2016 5:48
42,CM8L,5800-EB-0147.RM_PV,5800-F-0147.RM_PV,5800-P_TH-0147.RM_PV,29/06/2016 5:48
42,CM8U,5800-EB-0137.RM_PV,5800-F-0137.RM_PV,5800-P_TH-0137.RM_PV,29/06/2016 5:49
35,CMW1,5800-EB-0876.RM_PV,5800-F-0876.RM_PV,5800-P_TH-0876.RM_PV,29/06/2016 5:50
3,COCK3,1202-EB-0002.RM_PV,1202-F-0002.RM_PV,1202-P_TH-0002.RM_PV,29/06/2016 5:33
3,COCK4,1202-EB-00010.RM_PV,1202-F-00010.RM_PV,1202-P_TH-00010.RM_PV,30/01/2021 11:37
12,COCK5,1202-EB-00015.RM_PV,1202-F-00015.RM_PV,1202-P_TH-00015.RM_PV,30/01/2021 11:39
3,COCK6,1202-EB-00020.RM_PV,1202-F-00020.RM_PV,1202-P_TH-00020.RM_PV,30/01/2021 11:41
3,COCK7,1202-EB-00025.RM_PV,1202-F-00025.RM_PV,1202-P_TH-00025.RM_PV,30/01/2021 11:42
3,COCK8,1202-EB-00030.RM_PV,1202-F-00030.RM_PV,1202-P_TH-00030.RM_PV,30/01/2021 11:45
3,COCK9,1202-EB-00035.RM_PV,1202-F-00035.RM_PV,1202-P_TH-00035.RM_PV,30/01/2021 12:01
3,COOBA1,1181-EB-00056.RM_PV,1181-F-00056.RM_PV,1181-P_TH-0001.RM_PV,4/01/2020 0:31
3,COOBA2,1181-EB-0003.RM_PV,1181-F-0003.RM_PV,1181-P_TH-0003.RM_PV,29/06/2016 6:36
3,COOBA3,1181-EB-0009.RM_PV,1181-F-0009.RM_PV,1181-P_TH-0009.RM_PV,29/06/2016 5:35
3,COOBA4,1181-EB-0015.RM_PV,1181-F-0015.RM_PV,1181-P_TH-0015.RM_PV,29/06/2016 5:36
3,COOBA5,1181-EB-0050.RM_PV,1181-F-0050.RM_PV,1181-P_TH-0050.RM_PV,29/06/2016 5:37
42,COOL10,1470-EB-00042.RM_PV,1470-F-00042.RM_PV,1470-P_TH-00042.RM_PV,9/11/2019 3:55
45,COOL11,1470-EB-00047.RM_PV,1470-F-00047.RM_PV,1470-P_TH-00047.RM_PV,19/03/2020 6:07
45,COOL14,1470-EB-00052.RM_PV,1470-F-00052.RM_PV,1470-P_TH-00052.RM_PV,30/08/2021 13:06
42,COOL15,1470-EB-00071.RM_PV,1470-F-00071.RM_PV,1470-P_TH-00071.RM_PV,8/11/2021 3:08
42,COOL16,1470-EB-00076.RM_PV,1470-F-00076.RM_PV,1470-P_TH-00076.RM_PV,5/10/2021 0:11
42,COOL3,1470-EB-00013.RM_PV,1470-F-00013.RM_PV,1470-P_TH-00013.RM_PV,30/07/2017 23:51
42,COOL5,1470-EB-00017.RM_PV,1470-F-00017.RM_PV,1470-P_TH-00017.RM_PV,26/11/2019 5:10
45,COOL6,1470-EB-00022.RM_PV,1470-F-00022.RM_PV,1470-P_TH-00022.RM_PV,9/11/2019 22:11
45,COOL7,1470-EB-00027.RM_PV,1470-F-00027.RM_PV,1470-P_TH-00027.RM_PV,23/10/2019 3:14
45,COOL8,1470-EB-00032.RM_PV,1470-F-00032.RM_PV,1470-P_TH-00032.RM_PV,22/10/2019 3:35
45,COOL9,1470-EB-00037.RM_PV,1470-F-00037.RM_PV,1470-P_TH-00037.RM_PV,5/12/2019 5:16
45,COOLAH1,1470-EB-0006.RM_PV,1470-F-0006.RM_PV,1470-P_TH-0006.RM_PV,29/06/2016 4:59
33,COON1,1235-EB-0001.RM_PV,1235-F-0001.RM_PV,1235-P_TH-0001.RM_PV,29/06/2016 5:39
33,COON10,1235-EB-0023.RM_PV,1235-F-0023.RM_PV,1235-P_TH-0023.RM_PV,29/06/2016 5:40
33,COON11,1235-EB-0030.RM_PV,1235-F-0030.RM_PV,1235-P_TH-0030.RM_PV,14/07/2016 22:41
33,COON12,1235-EB-0035.RM_PV,1235-F-0035.RM_PV,1235-P_TH-0035.RM_PV,29/06/2016 5:42
39,COON13,1235-EB-0036.RM_PV,1235-F-0036.RM_PV,1235-P_TH-0036.RM_PV,29/06/2016 5:43
39,COON14,1235-EB-0075.RM_PV,1235-F-0075.RM_PV,1235-P_TH-0075.RM_PV,29/06/2016 5:44
39,COON15,1235-EB-0080.RM_PV,1235-F-0080.RM_PV,1235-P_TH-0080.RM_PV,29/06/2016 5:45
39,COON16,1235-EB-0084.RM_PV,1235-F-0084.RM_PV,1235-P_TH-0084.RM_PV,29/06/2016 5:46
33,COON18,1235-EB-0060.RM_PV,1235-F-0060.RM_PV,1235-P_TH-0060.RM_PV,29/06/2016 5:47
33,COON19,1235-EB-0065.RM_PV,1235-F-0065.RM_PV,1235-P_TH-0065.RM_PV,29/06/2016 5:49
33,COON21,1235-EB-00207.RM_PV,1235-F-00207.RM_PV,1235-P_TH-00207.RM_PV,29/06/2016 5:51
33,COON22,1235-EB-00222.RM_PV,1235-F-00222.RM_PV,1235-P_TH-00222.RM_PV,29/06/2016 5:51
33,COON23,1235-EB-00248.RM_PV,1235-F-00248.RM_PV,1235-P_TH-00248.RM_PV,29/06/2016 5:52
33,COON24,1235-EB-00184.RM_PV,1235-F-00184.RM_PV,1235-P_TH-00184.RM_PV,29/06/2016 5:53
33,COON25,1235-EB-00294.RM_PV,1235-F-00294.RM_PV,1235-P_TH-00294.RM_PV,29/03/2018 6:01
33,COON3,1235-EB-00231.RM_PV,1235-F-00231.RM_PV,1235-P_TH-00231.RM_PV,29/06/2016 5:54
39,COON5,1235-EB-0005.RM_PV,1235-F-0005.RM_PV,1235-P_TH-0005.RM_PV,29/06/2016 4:57
39,COON6,1235-EB-0007.RM_PV,1235-F-0007.RM_PV,1235-P_TH-0007.RM_PV,14/07/2016 21:56
33,COON7,1235-EB-0009.RM_PV,1235-F-0009.RM_PV,1235-P_TH-0009.RM_PV,29/06/2016 4:59
33,COON8,1235-EB-0019.RM_PV,1235-F-0019.RM_PV,1235-P_TH-0019.RM_PV,29/06/2016 5:01
39,COON9,1235-EB-0021.RM_PV,1235-F-0021.RM_PV,1235-P_TH-0021.RM_PV,29/06/2016 5:59
8,CORR2,1244-EB-0007.RM_PV,1244-F-0007.RM_PV,1244-P_TH-0007.RM_PV,29/06/2016 5:38
8,CORR3,1244-EB-0012.RM_PV,1244-F-0012.RM_PV,1244-P_TH-0012.RM_PV,29/06/2016 5:39
18,COS1L,1410-EB-00017.RM_PV,1410-F-00017.RM_PV,1410-P_TH-00017.RM_PV,8/01/2018 1:57
18,COS2,1410-EB-00004.RM_PV,1410-F-00004.RM_PV,1410-P_TH-00004.RM_PV,7/01/2018 7:57
18,COSC1,1418-EB-0003.RM_PV,1418-F-0003.RM_PV,1418-P_TH-0003.RM_PV,29/06/2016 5:52
18,COSW1,1410-EB-0108.RM_PV,1410-F-0108.RM_PV,1410-P_TH-0108.RM_PV,29/06/2016 5:50
42,COWA2,1165-EB-0003.RM_PV,1165-F-0003.RM_PV,1165-P_TH-0003.RM_PV,29/06/2016 5:45
42,COWA3,1165-EB-0010.RM_PV,1165-F-0010.RM_PV,1165-P_TH-0010.RM_PV,29/06/2016 5:47
42,COWR1,1241-EB-0001.RM_PV,1241-F-0001.RM_PV,1241-P_TH-0001.RM_PV,29/06/2016 5:37
28,COWR10,1241-EB-0015.RM_PV,1241-F-0015.RM_PV,1241-P_TH-0015.RM_PV,29/06/2016 5:38
28,COWR11,1241-EB-0025.RM_PV,1241-F-0025.RM_PV,1241-P_TH-0025.RM_PV,29/06/2016 5:39
28,COWR12,1241-EB-0031.RM_PV,1241-F-0031.RM_PV,1241-P_TH-0031.RM_PV,29/06/2016 5:40
28,COWR13,1241-EB-0037.RM_PV,1241-F-0037.RM_PV,1241-P_TH-0037.RM_PV,29/06/2016 5:40
28,COWR2,1241-EB-0002.RM_PV,1241-F-0002.RM_PV,1241-P_TH-0002.RM_PV,29/06/2016 5:43
28,COWR6,1241-EB-0004.RM_PV,1241-F-0004.RM_PV,1241-P_TH-0004.RM_PV,29/06/2016 5:45
28,COWR7,1241-EB-0005.RM_PV,1241-F-0005.RM_PV,1241-P_TH-0005.RM_PV,29/06/2016 5:45
28,COWR8,1241-EB-0007.RM_PV,1241-F-0007.RM_PV,1241-P_TH-0007.RM_PV,29/06/2016 5:46
28,COWR9,1241-EB-0013.RM_PV,1241-F-0013.RM_PV,1241-P_TH-0013.RM_PV,29/06/2016 5:47
24,CROWS1,1118-EB-0001.RM_PV,1118-F-0001.RM_PV,1118-P_TH-0001.RM_PV,29/06/2016 5:44
24,CROWS3,1118-EB-0003.RM_PV,1118-F-0003.RM_PV,1118-P_TH-0003.RM_PV,29/06/2016 5:44
18,CS3,1417-EB-0002.RM_PV,1417-F-0002.RM_PV,1417-P_TH-0002.RM_PV,29/06/2016 4:52
43,DARA1,1170-EB-8406.RM_PV,1170-F-8406.RM_PV,1170-P_TH-8406.RM_PV,29/06/2016 5:49
43,DARA11,1170-EB-8376.RM_PV,1170-F-8376.RM_PV,1170-P_TH-8376.RM_PV,29/06/2016 5:50
43,DARA15,1170-EB-8503.RM_PV,1170-F-8503.RM_PV,1170-P_TH-8503.RM_PV,29/06/2016 5:52
43,DARA27,1170-EB-8451.RM_PV,1170-F-8451.RM_PV,1170-P_TH-8451.RM_PV,29/06/2016 5:54
43,DARA3,1170-EB-8450.RM_PV,1170-F-8450.RM_PV,1170-P_TH-8450.RM_PV,29/06/2016 5:56
43,DARA4,1170-EB-0231.RM_PV,1170-F-0231.RM_PV,1170-P_TH-0231.RM_PV,29/06/2016 5:57
43,DARA9,1170-EB-8407.RM_PV,1170-F-8407.RM_PV,1170-P_TH-8407.RM_PV,29/06/2016 4:57
33,DD11,1466-EB-00043.RM_PV,1466-F-00043.RM_PV,1466-P_TH-00043.RM_PV,30/04/2021 10:46
33,DD5,1466-EB-0035.RM_PV,1466-F-0035.RM_PV,1466-P_TH-0035.RM_PV,29/06/2016 5:01
33,DDS1,1466-EB-0054.RM_PV,1466-F-0054.RM_PV,1466-P_TH-0054.RM_PV,29/06/2016 5:03
33,DDS2,1466-EB-0004.RM_PV,1466-F-0004.RM_PV,1466-P_TH-0004.RM_PV,29/06/2016 5:06
33,DDS4,1466-EB-0026.RM_PV,1466-F-0026.RM_PV,1466-P_TH-0026.RM_PV,29/06/2016 5:07
33,DDS8,1466-EB-0066.RM_PV,1466-F-0066.RM_PV,1466-P_TH-0066.RM_PV,29/06/2016 5:15
33,DDSN1,1467-EB-0021.RM_PV,1467-F-0021.RM_PV,1467-P_TH-0021.RM_PV,29/06/2016 5:16
47,DDSN10,1467-EB-00019.RM_PV,1467-F-00019.RM_PV,1467-P_TH-00019.RM_PV,9/11/2021 7:08
47,DDSN3,1467-EB-0027.RM_PV,1467-F-0027.RM_PV,1467-P_TH-0027.RM_PV,29/06/2016 5:20
47,DDSN4,1467-EB-0040.RM_PV,1467-F-0040.RM_PV,1467-P_TH-0040.RM_PV,29/06/2016 5:21
47,DDSN5,1467-EB-00002.RM_PV,1467-F-00002.RM_PV,1467-P_TH-00002.RM_PV,9/02/2017 21:31
47,DDSN6,1467-EB-00007.RM_PV,1467-F-00007.RM_PV,1467-P_TH-00007.RM_PV,9/02/2017 21:31
47,DDSN7,1467-EB-00049.RM_PV,1467-F-00049.RM_PV,1467-P_TH-00049.RM_PV,3/10/2019 8:27
47,DDSN8,1467-EB-00054.RM_PV,1467-F-00054.RM_PV,1467-P_TH-00054.RM_PV,29/04/2020 2:28
47,DDSN9,1467-EB-00061.RM_PV,1467-F-00061.RM_PV,1467-P_TH-00061.RM_PV,20/09/2021 1:33
43,DEINA1,1176-EB-1228.RM_PV,1176-F-1228.RM_PV,1176-P_TH-1228.RM_PV,29/06/2016 4:59
10,DELL10,1090-EB-0232.RM_PV,1090-F-0232.RM_PV,1090-P_TH-0232.RM_PV,29/06/2016 6:33
43,DELL11,1090-EB-0241.RM_PV,1090-F-0241.RM_PV,1090-P_TH-0241.RM_PV,29/06/2016 6:34
43,DELL13,1090-EB-0248.RM_PV,1090-F-0248.RM_PV,1090-P_TH-0248.RM_PV,29/06/2016 5:33
43,DELL16,1090-EB-0255.RM_PV,1090-F-0255.RM_PV,1090-P_TH-0255.RM_PV,29/06/2016 5:34
43,DELL19,1090-EB-8521.RM_PV,1090-F-8521.RM_PV,1090-P_TH-8521.RM_PV,29/06/2016 5:35
43,DELL22,1090-EB-8524.RM_PV,1090-F-8524.RM_PV,1090-P_TH-8524.RM_PV,29/06/2016 5:39
43,DELL23,1090-EB-8538.RM_PV,1090-F-8538.RM_PV,1090-P_TH-8538.RM_PV,29/06/2016 5:39
43,DELL24,1090-EB-8539.RM_PV,1090-F-8539.RM_PV,1090-P_TH-8539.RM_PV,27/05/2017 22:45
43,DELL25,1090-EB-8573.RM_PV,1090-F-8573.RM_PV,1090-P_TH-8573.RM_PV,29/06/2016 5:41
43,DELL5A,1090-EB-0202.RM_PV,1090-F-0202.RM_PV,1090-P_TH-0202.RM_PV,29/06/2016 5:43
43,DELL7,1090-EB-0211.RM_PV,1090-F-0211.RM_PV,1090-P_TH-0211.RM_PV,29/06/2016 5:43
43,DELL9,1090-EB-0225.RM_PV,1090-F-0225.RM_PV,1090-P_TH-0225.RM_PV,29/06/2016 5:45
23,DILC2L,1102-EB-8196.RM_PV,1102-F-8196.RM_PV,1102-P_TH-8196.RM_PV,29/06/2016 5:45
23,DILC4,1102-EB-0005.RM_PV,1102-F-0005.RM_PV,1102-P_TH-0005.RM_PV,29/06/2016 5:46
23,DILC5,1102-EB-00018.RM_PV,1102-F-00018.RM_PV,1102-P_TH-00018.RM_PV,2/09/2021 5:18
48,DING1,4102-EB-0001.RM_PV,4102-F-0001.RM_PV,4102-P_TH-0001.RM_PV,29/06/2016 5:49
42,DIRK1,1177-EB-0004.RM_PV,1177-F-0004.RM_PV,1177-P_TH-0004.RM_PV,29/06/2016 5:01
17,DORO1,4208-EB-0001.RM_PV,4208-F-0001.RM_PV,4208-P_TH-0001.RM_PV,29/06/2016 21:52
17,DORO4,4208-EB-0002.RM_PV,4208-F-0002.RM_PV,4208-P_TH-0002.RM_PV,29/06/2016 5:48
5,DUL16,1100-EB-0676.RM_PV,1100-F-0676.RM_PV,1100-P_TH-0676.RM_PV,29/06/2016 5:47
43,DUL17L,1100-EB-0697.RM_PV,1100-F-0697.RM_PV,1100-P_TH-0697.RM_PV,29/06/2016 5:47
43,DUL18,1100-EB-0680.RM_PV,1100-F-0680.RM_PV,1100-P_TH-0680.RM_PV,29/06/2016 5:47
43,DUL22L,1100-EB-0683.RM_PV,1100-F-0683.RM_PV,1100-P_TH-0683.RM_PV,29/06/2016 5:48
43,DUL22U,1100-EB-0682.RM_PV,1100-F-0682.RM_PV,1100-P_TH-0682.RM_PV,29/06/2016 5:49
43,DUL23,1100-EB-0684.RM_PV,1100-F-0684.RM_PV,1100-P_TH-0684.RM_PV,29/06/2016 5:50
44,DUL24L,1100-EB-0678.RM_PV,1100-F-0678.RM_PV,1100-P_TH-0678.RM_PV,29/06/2016 5:50
44,DUL25,1100-EB-0677.RM_PV,1100-F-0677.RM_PV,1100-P_TH-0677.RM_PV,29/06/2016 5:52
18,DUL46,1100-EB-0672.RM_PV,1100-F-0672.RM_PV,1100-P_TH-0672.RM_PV,29/06/2016 5:52
44,DUL52,1100-EB-8153.RM_PV,1100-F-8153.RM_PV,1100-P_TH-8153.RM_PV,29/06/2016 5:53
44,DUL53,1100-EB-8154.RM_PV,1100-F-8154.RM_PV,1100-P_TH-8154.RM_PV,29/06/2016 5:54
44,DUL54,1100-EB-8155.RM_PV,1100-F-8155.RM_PV,1100-P_TH-8155.RM_PV,29/06/2016 5:54
44,DUL55,1100-EB-0665.RM_PV,1100-F-0665.RM_PV,1100-P_TH-0665.RM_PV,29/06/2016 5:55
44,DUL56,1100-EB-00074.RM_PV,1100-F-00074.RM_PV,1100-P_TH-00074.RM_PV,6/05/2021 4:53
44,DULL36DW1,1100-EB-8259.RM_PV,1100-F-8259.RM_PV,1100-P_TH-8259.RM_PV,29/06/2016 5:56
44,DULL39,1100-EB-8157.RM_PV,1100-F-8157.RM_PV,1100-P_TH-8157.RM_PV,29/06/2016 5:56
44,DULL40DW1,1100-EB-8264.RM_PV,1100-F-8264.RM_PV,1100-P_TH-8264.RM_PV,29/06/2016 5:57
10,DULL42,1100-EB-00063.RM_PV,1100-F-00063.RM_PV,1100-P_TH-00063.RM_PV,30/07/2017 22:27
44,DULL43,1105-EB-00075.RM_PV,1105-F-00075.RM_PV,1105-P_TH-00075.RM_PV,23/07/2017 4:02
44,DULL61,1100-EB-8391.RM_PV,1100-F-8391.RM_PV,1100-P_TH-8391.RM_PV,29/06/2016 5:58
44,DULL62,1100-EB-00080.RM_PV,1100-F-00080.RM_PV,1100-P_TH-00080.RM_PV,18/04/2021 21:30
44,DULL63,1100-EB-00084.RM_PV,1100-F-00084.RM_PV,1100-P_TH-00084.RM_PV,11/03/2021 1:01
26,DULL65,1100-EB-00110.RM_PV,1100-F-00110.RM_PV,1100-P_TH-00110.RM_PV,10/06/2022 3:06
24,DULN10,1109-EB-0001.RM_PV,1109-F-0001.RM_PV,1109-P_TH-0001.RM_PV,29/06/2016 5:00
10,DULN11,1109-EB-0002.RM_PV,1109-F-0002.RM_PV,1109-P_TH-0002.RM_PV,29/06/2016 5:01
10,DULN12,1109-EB-0003.RM_PV,1109-F-0003.RM_PV,1109-P_TH-0003.RM_PV,29/06/2016 6:00
10,DULN13,1109-EB-0004.RM_PV,1109-F-0004.RM_PV,1109-P_TH-0004.RM_PV,29/06/2016 5:02
10,DULN14,1109-EB-0005.RM_PV,1109-F-0005.RM_PV,1109-P_TH-0005.RM_PV,29/06/2016 5:02
10,DULN15,1109-EB-0011.RM_PV,1109-F-0011.RM_PV,1109-P_TH-0011.RM_PV,29/06/2016 5:02
10,DULN17,1109-EB-8439.RM_PV,1109-F-8439.RM_PV,1109-P_TH-8439.RM_PV,29/06/2016 5:04
10,DULN19,1109-EB-0010.RM_PV,1109-F-0010.RM_PV,1109-P_TH-0010.RM_PV,29/06/2016 5:04
10,DULN1L,1109-EB-0674.RM_PV,1109-F-0674.RM_PV,1109-P_TH-0674.RM_PV,29/06/2016 5:05
10,DULN1U,1109-EB-0673.RM_PV,1109-F-0673.RM_PV,1109-P_TH-0673.RM_PV,29/06/2016 5:05
10,DULN20,1109-EB-8433.RM_PV,1109-F-8433.RM_PV,1109-P_TH-8433.RM_PV,29/06/2016 5:06
10,DULN21,1109-EB-00031.RM_PV,1109-F-00031.RM_PV,1109-P_TH-00031.RM_PV,16/07/2019 10:09
18,DULN22,1109-EB-00036.RM_PV,1109-F-00036.RM_PV,1109-P_TH-00036.RM_PV,16/07/2019 10:10
10,DULN23,1109-EB-00041.RM_PV,1109-F-00041.RM_PV,1109-P_TH-00041.RM_PV,5/02/2021 10:10
18,DULN25,1109-EB-00050.RM_PV,1109-F-00050.RM_PV,1109-P_TH-00050.RM_PV,24/02/2021 19:17
10,DULN3L,1109-EB-0675.RM_PV,1109-F-0675.RM_PV,1109-P_TH-0675.RM_PV,29/06/2016 5:07
18,DULN6,1109-EB-8400.RM_PV,1109-F-8400.RM_PV,1109-P_TH-8400.RM_PV,29/06/2016 5:09
42,DUND1,1467-EB-00013.RM_PV,1467-F-00013.RM_PV,1467-P_TH-00013.RM_PV,7/09/2017 3:24
44,EPSN1,1120-EB-0038.RM_PV,1120-F-0038.RM_PV,1120-P_TH-0038.RM_PV,29/06/2016 5:11
44,EPSN11,1120-EB-0058.RM_PV,1120-F-0058.RM_PV,1120-P_TH-0058.RM_PV,29/06/2016 5:11
44,EPSN2,1120-EB-0040.RM_PV,1120-F-0040.RM_PV,1120-P_TH-0040.RM_PV,29/06/2016 5:13
44,EPSN3,1120-EB-0055.RM_PV,1120-F-0055.RM_PV,1120-P_TH-0055.RM_PV,29/06/2016 5:12
44,EPSN4,1120-EB-00049.RM_PV,1120-F-00049.RM_PV,1120-P_TH-00049.RM_PV,16/04/2018 3:50
44,EPSN6,1120-EB-00192.RM_PV,1120-F-00192.RM_PV,1120-P_TH-00192.RM_PV,4/04/2018 1:20
44,EPSN8,1120-EB-0008.RM_PV,1120-F-0008.RM_PV,1120-P_TH-0008.RM_PV,29/06/2016 5:13
43,FARI1,1175-EB-0025.RM_PV,1175-F-0025.RM_PV,1175-P_TH-0025.RM_PV,29/06/2016 6:02
35,FAVELA1,1190-EB-00001.RM_PV,1190-F-00001.RM_PV,1190-P_TH-00001.RM_PV,20/05/2021 14:25
43,FICU2,1334-EB-00027.RM_PV,1334-F-00027.RM_PV,1334-P_TH-00027.RM_PV,13/01/2021 23:46
42,FICU3,1334-EB-00017.RM_PV,1334-F-00017.RM_PV,1334-P_TH-00017.RM_PV,13/01/2021 23:47
47,FLY11,1200-EB-0002.RM_PV,1200-F-0002.RM_PV,1200-P_TH-0002.RM_PV,29/06/2016 6:36
47,FLY14,1200-EB-8244.RM_PV,1200-F-8244.RM_PV,1200-P_TH-8244.RM_PV,29/06/2016 5:37
47,FLY15,1200-EB-8242.RM_PV,1200-F-8242.RM_PV,1200-P_TH-8242.RM_PV,29/06/2016 5:38
47,FLY16,1200-EB-8240.RM_PV,1200-F-8240.RM_PV,1200-P_TH-8240.RM_PV,9/03/2017 10:34
47,FLY19,1200-EB-8271.RM_PV,1200-F-8271.RM_PV,1200-P_TH-8271.RM_PV,29/06/2016 5:39
47,FLY20,1200-EB-8273.RM_PV,1200-F-8273.RM_PV,1200-P_TH-8273.RM_PV,29/06/2016 4:16
47,FLY24,1200-EB-8328.RM_PV,1200-F-8328.RM_PV,1200-P_TH-8328.RM_PV,31/10/2016 7:39
47,FLY25,1200-EB-8329.RM_PV,1200-F-8329.RM_PV,1200-P_TH-8329.RM_PV,29/06/2016 5:42
47,FLY27,1200-EB-8340.RM_PV,1200-F-8340.RM_PV,1200-P_TH-8340.RM_PV,29/06/2016 5:43
47,FLY6,1200-EB-0001.RM_PV,1200-F-0001.RM_PV,1200-P_TH-0001.RM_PV,29/06/2016 5:37
47,FLY9,1200-EB-8359.RM_PV,1200-F-8359.RM_PV,1200-P_TH-8359.RM_PV,29/06/2016 5:44
47,FLYL1,1200-EB-0009.RM_PV,1200-F-0009.RM_PV,1200-P_TH-0009.RM_PV,29/06/2016 5:45
47,FLYL10,1200-EB-0026.RM_PV,1200-F-0026.RM_PV,1200-P_TH-0026.RM_PV,29/06/2016 5:46
47,FLYL4,1200-EB-0016.RM_PV,1200-F-0016.RM_PV,1200-P_TH-0016.RM_PV,29/06/2016 5:46
47,FLYL5,1200-EB-0023.RM_PV,1200-F-0023.RM_PV,1200-P_TH-0023.RM_PV,29/06/2016 5:47
43,FORTA1,4210-EB-0005.RM_PV,4210-F-0005.RM_PV,4210-P_TH-0005.RM_PV,29/06/2016 5:02
23,GAHN1,1107-EB-0002.RM_PV,1107-F-0002.RM_PV,1107-P_TH-0002.RM_PV,29/06/2016 5:14
35,GALE2,1431-EB-0003.RM_PV,1431-F-0003.RM_PV,1431-P_TH-0003.RM_PV,29/06/2016 11:56
35,GALE3,1431-EB-0012.RM_PV,1431-F-0012.RM_PV,1431-P_TH-0012.RM_PV,29/06/2016 4:54
35,GALE4,1431-EB-00016.RM_PV,1431-F-00016.RM_PV,1431-P_TH-00016.RM_PV,26/06/2017 2:58
35,GALE5,1431-EB-00021.RM_PV,1431-F-00021.RM_PV,1431-P_TH-00021.RM_PV,26/06/2017 3:59
12,GIDG14,1010-EB-0491.RM_PV,1010-F-0491.RM_PV,1010-P_TH-0491.RM_PV,21/09/2018 5:17
12,GIDG15,1010-EB-0492.RM_PV,1010-F-0492.RM_PV,1010-P_TH-0492.RM_PV,29/06/2016 5:49
12,GIDG38,1010-EB-0501.RM_PV,1010-F-0501.RM_PV,1010-P_TH-0501.RM_PV,29/06/2016 5:51
36,GIDG57,1010-EB-3186.RM_PV,1010-F-3186.RM_PV,1010-P_TH-3186.RM_PV,29/06/2016 5:52
12,GIDG65,1010-EB-00642.RM_PV,1010-F-00642.RM_PV,1010-P_TH-00642.RM_PV,18/08/2021 6:47
15,GOOR1,1182-EB-0008.RM_PV,1182-F-0008.RM_PV,1182-P_TH-0008.RM_PV,29/06/2016 5:47
6,GOOR10,1182-EB-00058.RM_PV,1182-F-00058.RM_PV,1182-P_TH-00058.RM_PV,28/04/2018 1:44
15,GOOR11,1182-EB-00063.RM_PV,1182-F-00063.RM_PV,1182-P_TH-00063.RM_PV,15/03/2018 21:19
6,GOOR12,1182-EB-00078.RM_PV,1182-F-00078.RM_PV,1182-P_TH-00078.RM_PV,14/11/2019 5:43
6,GOOR13,1182-EB-00079.RM_PV,1182-F-00079.RM_PV,1182-P_TH-00079.RM_PV,14/11/2019 5:44
15,GOOR14,1182-EB-00088.RM_PV,1182-F-00088.RM_PV,1182-P_TH-00088.RM_PV,5/01/2020 4:45
15,GOOR15,1182-EB-00093.RM_PV,1182-F-00093.RM_PV,1182-P_TH-00093.RM_PV,5/01/2020 4:46
15,GOOR16,1182-EB-00098.RM_PV,1182-F-00098.RM_PV,1182-P_TH-00098.RM_PV,10/01/2020 2:47
15,GOOR17,1182-EB-00103.RM_PV,1182-F-00103.RM_PV,1182-P_TH-00103.RM_PV,14/01/2020 1:48
6,GOOR4,1182-EB-0002.RM_PV,1182-F-0002.RM_PV,1182-P_TH-0002.RM_PV,29/06/2016 5:37
6,GOOR5,1182-EB-0016.RM_PV,1182-F-0016.RM_PV,1182-P_TH-0016.RM_PV,29/06/2016 5:40
6,GOOR6,1182-EB-0026.RM_PV,1182-F-0026.RM_PV,1182-P_TH-0026.RM_PV,29/06/2016 5:41
6,GOOR7,1182-EB-00031.RM_PV,1182-F-00031.RM_PV,1182-P_TH-00031.RM_PV,29/06/2016 5:43
30,GOOR8,1182-EB-00053.RM_PV,1182-F-00053.RM_PV,1182-P_TH-00053.RM_PV,10/04/2018 1:50
30,GOOR9,1182-EB-00048.RM_PV,1182-F-00048.RM_PV,1182-P_TH-00048.RM_PV,9/04/2018 6:48
24,GOORE1,1182-EB-0021.RM_PV,1182-F-0021.RM_PV,1182-P_TH-0021.RM_PV,29/06/2016 5:44
46,GOYD2,1038-EB-0001.RM_PV,1038-F-0001.RM_PV,1038-P_TH-0001.RM_PV,29/06/2016 5:43
46,GOYD4,1038-EB-0010.RM_PV,1038-F-0010.RM_PV,1038-P_TH-0010.RM_PV,29/06/2016 5:52
46,GOYD6,1038-EB-1009.RM_PV,1038-F-1009.RM_PV,1038-P_TH-1009.RM_PV,29/06/2016 5:04
11,HACK1,1247-EB-0001.RM_PV,1247-F-0001.RM_PV,1247-P_TH-0001.RM_PV,29/06/2016 5:53
16,HEBE1,1451-EB-0001.RM_PV,1451-F-0001.RM_PV,1451-P_TH-0001.RM_PV,29/06/2016 5:50
23,HECSE1,1460-EB-00016.RM_PV,1460-F-00016.RM_PV,1460-P_TH-00016.RM_PV,3/12/2020 18:30
23,HECSTH1,1460-EB-00001.RM_PV,1460-F-00001.RM_PV,1460-P_TH-00001.RM_PV,15/04/2018 4:21
40,HERA1,1449-EB-0004.RM_PV,1449-F-0004.RM_PV,1449-P_TH-0004.RM_PV,29/06/2016 5:52
40,HERA2,1449-EB-0029.RM_PV,1449-F-0029.RM_PV,1449-P_TH-0029.RM_PV,29/06/2016 4:52
40,HERA3,1449-EB-0059.RM_PV,1449-F-0059.RM_PV,1449-P_TH-0059.RM_PV,29/06/2016 4:53
40,HERA4,1449-EB-0054.RM_PV,1449-F-0054.RM_PV,1449-P_TH-0054.RM_PV,29/06/2016 4:54
41,HOUB1,1461-EB-00018.RM_PV,1461-F-00018.RM_PV,1461-P_TH-00018.RM_PV,7/09/2021 0:09
23,INCA1,4103-EB-00037.RM_PV,4103-F-00037.RM_PV,4103-P_TH-00037.RM_PV,11/09/2018 18:56
6,JDGA2,1406-EB-0017.RM_PV,1406-F-0017.RM_PV,1406-P_TH-0017.RM_PV,29/06/2016 4:55
6,JDGA4,1406-EB-00040.RM_PV,1406-F-00040.RM_PV,1406-P_TH-00040.RM_PV,2/01/2018 10:01
6,JDGN1,1425-EB-0007.RM_PV,1425-F-0007.RM_PV,1425-P_TH-0007.RM_PV,29/06/2016 4:56
47,JKLK3,1018-EB-00005.RM_PV,1018-F-00005.RM_PV,1018-P_TH-00005.RM_PV,11/11/2018 1:49
47,JKLK4,1018-EB-00035.RM_PV,1018-F-00035.RM_PV,1018-P_TH-00035.RM_PV,29/06/2016 5:54
47,JKLK5,1018-EB-00040.RM_PV,1018-F-00040.RM_PV,1018-P_TH-00040.RM_PV,6/07/2016 3:55
47,JKLK6,1018-EB-00056.RM_PV,1018-F-00056.RM_PV,1018-P_TH-00056.RM_PV,20/10/2017 4:43
47,JKLK7,1018-EB-00061.RM_PV,1018-F-00061.RM_PV,1018-P_TH-00061.RM_PV,20/10/2017 4:40
40,JUNO2,1447-EB-0024.RM_PV,1447-F-0024.RM_PV,1447-P_TH-0024.RM_PV,29/06/2016 4:54
40,JUNO3,1447-EB-0004.RM_PV,1447-F-0004.RM_PV,1447-P_TH-0004.RM_PV,29/06/2016 4:55
40,JUNO4,1447-EB-0080.RM_PV,1447-F-0080.RM_PV,1447-P_TH-0080.RM_PV,29/06/2016 4:56
40,JUNO5,1447-EB-0064.RM_PV,1447-F-0064.RM_PV,1447-P_TH-0064.RM_PV,29/06/2016 4:57
40,JUNO6,1447-EB-0085.RM_PV,1447-F-0085.RM_PV,1447-P_TH-0085.RM_PV,29/06/2016 4:58
40,JUNO7,1447-EB-00019.RM_PV,1447-F-00019.RM_PV,1447-P_TH-00019.RM_PV,22/12/2019 7:56
40,JUNO8,1447-EB-00042.RM_PV,1447-F-00042.RM_PV,1447-P_TH-00042.RM_PV,13/10/2019 5:56
34,JUNONTH1,1448-EB-0004.RM_PV,1448-F-0004.RM_PV,1448-P_TH-0004.RM_PV,29/06/2016 4:56
3,KANO1,1205-EB-0008.RM_PV,1205-F-0008.RM_PV,1205-P_TH-0008.RM_PV,29/06/2016 5:49
3,KANO10,1205-EB-0063.RM_PV,1205-F-0063.RM_PV,1205-P_TH-0063.RM_PV,29/06/2016 5:46
21,KANO11,1205-EB-0069.RM_PV,1205-F-0069.RM_PV,1205-P_TH-0069.RM_PV,29/06/2016 5:46
3,KANO12,1205-EB-00075.RM_PV,1205-F-00075.RM_PV,1205-P_TH-00075.RM_PV,23/05/2017 6:00
3,KANO13,1205-EB-00081.RM_PV,1205-F-00081.RM_PV,1205-P_TH-00081.RM_PV,23/05/2017 6:07
3,KANO14,1205-EB-00086.RM_PV,1205-F-00086.RM_PV,1205-P_TH-00086.RM_PV,23/05/2017 6:07
3,KANO2,1205-EB-0009.RM_PV,1205-F-0009.RM_PV,1205-P_TH-0009.RM_PV,29/06/2016 5:49
21,KANO3,1205-EB-0010.RM_PV,1205-F-0010.RM_PV,1205-P_TH-0010.RM_PV,29/06/2016 5:38
21,KANO4,1205-EB-0011.RM_PV,1205-F-0011.RM_PV,1205-P_TH-0011.RM_PV,29/06/2016 5:49
21,KANO7,1205-EB-0013.RM_PV,1205-F-0013.RM_PV,1205-P_TH-0013.RM_PV,29/06/2016 5:50
21,KANO8,1205-EB-0036.RM_PV,1205-F-0036.RM_PV,1205-P_TH-0036.RM_PV,29/06/2016 5:49
21,KANO9,1205-EB-0041.RM_PV,1205-F-0041.RM_PV,1205-P_TH-0041.RM_PV,29/06/2016 5:49
23,KAPPA1,1453-EB-00001.RM_PV,1453-F-00001.RM_PV,1453-P_TH-00001.RM_PV,26/04/2022 8:19
18,KAPPA2,1453-EB-00006.RM_PV,1453-F-00006.RM_PV,1453-P_TH-00006.RM_PV,2/05/2022 21:30
7,KARM4,1412-EB-0001.RM_PV,1412-F-0001.RM_PV,1412-P_TH-0001.RM_PV,29/06/2016 4:57
7,KARM6,1412-EB-0018.RM_PV,1412-F-0018.RM_PV,1412-P_TH-0018.RM_PV,29/06/2016 4:58
7,KARME3,1416-EB-0080.RM_PV,1416-F-0080.RM_PV,1416-P_TH-0080.RM_PV,29/06/2016 4:58
36,KEEN2,4201-EB-0003.RM_PV,4201-F-0003.RM_PV,4201-P_TH-0003.RM_PV,29/06/2016 5:04
23,KERN1,1103-EB-8194.RM_PV,1103-F-8194.RM_PV,1103-P_TH-8194.RM_PV,29/06/2016 5:16
23,KERN4,1103-EB-8192.RM_PV,1103-F-8192.RM_PV,1103-P_TH-8192.RM_PV,29/06/2016 5:17
23,KERN5,1103-EB-8190.RM_PV,1103-F-8190.RM_PV,1103-P_TH-8190.RM_PV,29/06/2016 6:17
44,KIDM1,1250-EB-8455.RM_PV,1250-F-8455.RM_PV,1250-P_TH-8455.RM_PV,29/06/2016 5:18
44,KIDM12,1250-EB-00016.RM_PV,1250-F-00016.RM_PV,1250-P_TH-00016.RM_PV,28/09/2018 6:24
44,KIDM7,1250-EB-8457.RM_PV,1250-F-8457.RM_PV,1250-P_TH-8457.RM_PV,29/06/2016 5:20
44,KIDMAN11,1250-EB-00005.RM_PV,1250-F-00005.RM_PV,1250-P_TH-00005.RM_PV,14/08/2018 0:25
44,KIDNTH3,1250-EB-8468.RM_PV,1250-F-8468.RM_PV,1250-P_TH-8468.RM_PV,29/06/2016 5:21
44,KIDNTH4,1250-EB-8489.RM_PV,1250-F-8489.RM_PV,1250-P_TH-8489.RM_PV,29/06/2016 5:23
36,KIRA1,1011-EB-0001.RM_PV,1011-F-0001.RM_PV,1011-P_TH-0001.RM_PV,29/06/2016 5:55
36,KIRA2,1011-EB-0003.RM_PV,1011-F-0003.RM_PV,1011-P_TH-0003.RM_PV,29/06/2016 5:56
7,KM3,1412-EB-0048.RM_PV,1412-F-0048.RM_PV,1412-P_TH-0048.RM_PV,29/06/2016 4:59
42,KORS1,4207-EB-0001.RM_PV,4207-F-0001.RM_PV,4207-P_TH-0001.RM_PV,29/06/2016 5:06
42,KORS2,4207-EB-00002.RM_PV,4207-F-00002.RM_PV,4207-P_TH-00002.RM_PV,23/08/2017 3:10
48,KUD2,1222-EB-0001.RM_PV,1222-F-0001.RM_PV,1222-P_TH-0001.RM_PV,29/06/2016 5:41
14,KUD3,1222-EB-00011.RM_PV,1222-F-00011.RM_PV,1222-P_TH-00011.RM_PV,12/05/2022 5:54
42,KUJA1,1171-EB-0001.RM_PV,1171-F-0001.RM_PV,1171-P_TH-0001.RM_PV,29/06/2016 5:08
36,KURU2,1012-EB-1318.RM_PV,1012-F-1318.RM_PV,1012-P_TH-1318.RM_PV,29/06/2016 5:57
36,KURU5,1012-EB-3192.RM_PV,1012-F-3192.RM_PV,1012-P_TH-3192.RM_PV,29/06/2016 4:58
23,LANE1,1484-EB-00001.RM_PV,1484-F-00001.RM_PV,1484-P_TH-00001.RM_PV,16/07/2019 10:26
7,LEGH2,1433-EB-00007.RM_PV,1433-F-00007.RM_PV,1433-P_TH-00007.RM_PV,30/10/2021 21:30
7,LEGHN1,1433-EB-00020.RM_PV,1433-F-00020.RM_PV,1433-P_TH-00020.RM_PV,5/01/2020 22:01
47,LELE1,1206-EB-0001.RM_PV,1206-F-0001.RM_PV,1206-P_TH-0001.RM_PV,29/06/2016 5:41
47,LELE3,1206-EB-0003.RM_PV,1206-F-0003.RM_PV,1206-P_TH-0003.RM_PV,29/06/2016 5:42
47,LELE4,1206-EB-0016.RM_PV,1206-F-0016.RM_PV,1206-P_TH-0016.RM_PV,29/06/2016 5:51
41,LEPD1,1125-EB-0002.RM_PV,1125-F-0002.RM_PV,1125-P_TH-0002.RM_PV,29/06/2016 4:59
41,LEPD2,1125-EB-0014.RM_PV,1125-F-0014.RM_PV,1125-P_TH-0014.RM_PV,29/06/2016 5:00
41,LEPD3,1125-EB-00018.RM_PV,1125-F-00018.RM_PV,1125-P_TH-00018.RM_PV,2/10/2017 3:31
33,LEPE1,1370-EB-0004.RM_PV,1370-F-0004.RM_PV,1370-P_TH-0004.RM_PV,29/06/2016 5:45
48,LKMAC1,1221-EB-0002.RM_PV,1221-F-0002.RM_PV,1221-P_TH-0002.RM_PV,29/06/2016 5:43
32,LYRA1,1143-EB-00022.RM_PV,1143-F-00022.RM_PV,1143-P_TH-00022.RM_PV,16/09/2019 18:52
33,MARA2,1360-EB-00019.RM_PV,1360-F-00019.RM_PV,1360-P_TH-00019.RM_PV,1/10/2019 4:03
24,MARB1,1290-EB-0006.RM_PV,1290-F-0006.RM_PV,1290-P_TH-0006.RM_PV,29/06/2016 5:46
24,MARB10,1290-EB-0028.RM_PV,1290-F-0028.RM_PV,1290-P_TH-0028.RM_PV,29/06/2016 5:47
24,MARB11,1290-EB-0024.RM_PV,1290-F-0024.RM_PV,1290-P_TH-0024.RM_PV,29/06/2016 5:49
24,MARB12,1290-EB-0022.RM_PV,1290-F-0022.RM_PV,1290-P_TH-0022.RM_PV,29/06/2016 5:49
24,MARB13,1290-EB-0032.RM_PV,1290-F-0032.RM_PV,1290-P_TH-0032.RM_PV,29/06/2016 5:50
24,MARB14,1290-EB-0033.RM_PV,1290-F-0033.RM_PV,1290-P_TH-0033.RM_PV,29/06/2016 5:51
24,MARB15,1290-EB-0034.RM_PV,1290-F-0034.RM_PV,1290-P_TH-0034.RM_PV,29/06/2016 5:52
24,MARB16,1290-EB-00074.RM_PV,1290-F-00074.RM_PV,1290-P_TH-00074.RM_PV,19/01/2020 5:51
24,MARB17,1290-EB-00079.RM_PV,1290-F-00079.RM_PV,1290-P_TH-00079.RM_PV,3/06/2018 13:03
24,MARB18,1290-EB-00084.RM_PV,1290-F-00084.RM_PV,1290-P_TH-00084.RM_PV,3/06/2018 13:24
24,MARB2,1290-EB-0013.RM_PV,1290-F-0013.RM_PV,1290-P_TH-0013.RM_PV,29/06/2016 5:55
24,MARB3,1290-EB-0046.RM_PV,1290-F-0046.RM_PV,1290-P_TH-0046.RM_PV,29/06/2016 5:55
24,MARB6,1290-EB-0004.RM_PV,1290-F-0004.RM_PV,1290-P_TH-0004.RM_PV,29/06/2016 5:56
24,MARB7,1290-EB-0005.RM_PV,1290-F-0005.RM_PV,1290-P_TH-0005.RM_PV,29/06/2016 5:57
24,MARB8,1290-EB-0021.RM_PV,1290-F-0021.RM_PV,1290-P_TH-0021.RM_PV,29/06/2016 5:58
24,MARB9,1290-EB-0026.RM_PV,1290-F-0026.RM_PV,1290-P_TH-0026.RM_PV,29/06/2016 5:58
24,MASSY1,1246-EB-0001.RM_PV,1246-F-0001.RM_PV,1246-P_TH-0001.RM_PV,29/06/2016 5:43
43,MAVE1,1404-EB-00126.RM_PV,1404-F-00126.RM_PV,1404-P_TH-00126.RM_PV,29/07/2021 4:14
36,MAWS1,1013-EB-0028.RM_PV,1013-F-0028.RM_PV,1013-P_TH-0028.RM_PV,29/06/2016 4:59
36,MAWS2,1013-EB-0037.RM_PV,1013-F-0037.RM_PV,1013-P_TH-0037.RM_PV,29/06/2016 5:00
35,MBA12,1050-EB-7957.RM_PV,1050-F-7957.RM_PV,1050-P_TH-7957.RM_PV,29/06/2016 5:53
39,MBA22,1040-EB-8444.RM_PV,1040-F-8444.RM_PV,1040-P_TH-8444.RM_PV,29/06/2016 5:54
35,MBA30,1050-EB-7982.RM_PV,1050-F-7982.RM_PV,1050-P_TH-7982.RM_PV,29/06/2016 5:55
48,MBA40,1040-EB-8440.RM_PV,1040-F-8440.RM_PV,1040-P_TH-8440.RM_PV,29/06/2016 5:55
41,MBA46,1050-EB-8013.RM_PV,1050-F-8014.RM_PV,1050-P_TH-8013.RM_PV,29/06/2016 5:57
35,MBA83,1050-EB-7998.RM_PV,1050-F-7998.RM_PV,1050-P_TH-7998.RM_PV,29/06/2016 5:19
35,MBA84,1050-EB-8010.RM_PV,1050-F-8011.RM_PV,1050-P_TH-8010.RM_PV,29/06/2016 5:20
27,MERCH1,1242-EB-00028.RM_PV,1242-F-00028.RM_PV,1242-P_TH-00028.RM_PV,17/04/2020 20:54
6,MERRI10,1240-EB-8325.RM_PV,1240-F-8325.RM_PV,1240-P_TH-8325.RM_PV,29/06/2016 5:50
45,MERRI17,1240-EB-8310.RM_PV,1240-F-8310.RM_PV,1240-P_TH-8310.RM_PV,30/11/2018 5:51
45,MERRI36,1240-EB-8243.RM_PV,1240-F-8243.RM_PV,1240-P_TH-8243.RM_PV,29/06/2016 5:44
1,MERRI40,1240-EB-0144.RM_PV,1240-F-0144.RM_PV,1240-P_TH-0144.RM_PV,29/06/2016 5:47
45,MERRI6,1240-EB-8319.RM_PV,1240-F-8319.RM_PV,1240-P_TH-8319.RM_PV,29/06/2016 4:58
45,MERRI62,1240-EB-9615.RM_PV,1240-F-9615.RM_PV,1240-P_TH-9615.RM_PV,29/06/2016 5:00
45,MERRI9,1240-EB-8338.RM_PV,1240-F-8338.RM_PV,1240-P_TH-8338.RM_PV,29/06/2016 4:59
46,MERU2,1355-EB-0001.RM_PV,1355-F-0001.RM_PV,1355-P_TH-0001.RM_PV,29/06/2016 6:01
46,MERU3,1355-EB-00012.RM_PV,1355-F-00012.RM_PV,1355-P_TH-00012.RM_PV,26/08/2020 23:58
23,METI1,1156-EB-0001.RM_PV,1156-F-0001.RM_PV,1156-P_TH-0001.RM_PV,29/06/2016 6:38
23,METI5,1156-EB-0010.RM_PV,1156-F-0010.RM_PV,1156-P_TH-0010.RM_PV,29/06/2016 5:38
23,METI6,1156-EB-0015.RM_PV,1156-F-0015.RM_PV,1156-P_TH-0015.RM_PV,29/06/2016 5:40
46,MILL4,1039-EB-0004.RM_PV,1039-F-0004.RM_PV,1039-P_TH-0004.RM_PV,29/06/2016 6:20
36,MILLS1,4214-EB-0002.RM_PV,4214-F-0002.RM_PV,4214-P_TH-0002.RM_PV,29/06/2016 5:10
48,MITCH1,1230-EB-0025.RM_PV,1230-F-0025.RM_PV,1230-P_TH-0025.RM_PV,29/06/2016 5:50
48,MITCH2,1230-EB-0029.RM_PV,1230-F-0029.RM_PV,1230-P_TH-0029.RM_PV,29/06/2016 5:00
22,MJI1,1330-EB-1357.RM_PV,1330-F-1357.RM_PV,1330-P_TH-1357.RM_PV,29/06/2016 5:00
47,MJI13,1330-EB-0199.RM_PV,1330-F-0199.RM_PV,1330-P_TH-0199.RM_PV,29/06/2016 5:51
22,MJI15,1330-EB-1369.RM_PV,1330-F-1369.RM_PV,1330-P_TH-1369.RM_PV,29/06/2016 5:01
22,MJI18,1330-EB-1333.RM_PV,1330-F-1333.RM_PV,1330-P_TH-1333.RM_PV,29/06/2016 5:52
47,MJI19,1330-EB-1338.RM_PV,1330-F-1338.RM_PV,1330-P_TH-00044.RM_PV,3/01/2019 19:55
47,MJI2,1330-EB-0202.RM_PV,1330-F-0202.RM_PV,1330-P_TH-0202.RM_PV,29/06/2016 5:53
50,MJI24,1330-EB-00070.RM_PV,1330-F-00070.RM_PV,1330-P_TH-00070.RM_PV,9/05/2022 23:05
20,MJI25,1330-EB-00083.RM_PV,1330-F-00083.RM_PV,1330-P_TH-00083.RM_PV,17/03/2022 3:07
35,MJI26,1330-EB-000088.RM_PV,1330-F-000088.RM_PV,1330-P_TH-000088.RM_PV,2/04/2022 1:09
18,MJI27,1330-EB-00093.RM_PV,1330-F-00093.RM_PV,1330-P_TH-00093.RM_PV,5/05/2022 5:10
22,MJI7,1330-EB-1332.RM_PV,1330-F-1332.RM_PV,1330-P_TH-1332.RM_PV,29/06/2016 5:57
42,MKA1,1405-EB-0017.RM_PV,1405-F-0017.RM_PV,1405-P_TH-0017.RM_PV,29/06/2016 4:59
42,MKA10,1405-EB-0194.RM_PV,1405-F-0194.RM_PV,1405-P_TH-0194.RM_PV,29/06/2016 5:01
42,MKA11,1405-EB-0214.RM_PV,1405-F-0214.RM_PV,1405-P_TH-0214.RM_PV,29/06/2016 5:01
42,MKA12,1405-EB-0427.RM_PV,1405-F-0427.RM_PV,1405-P_TH-0427.RM_PV,29/06/2016 5:02
42,MKA13,1405-EB-8516.RM_PV,1405-F-8516.RM_PV,1405-P_TH-8516.RM_PV,29/06/2016 5:03
42,MKA2,1405-EB-0037.RM_PV,1405-F-0037.RM_PV,1405-P_TH-0037.RM_PV,29/06/2016 5:04
42,MKA3,1405-EB-0087.RM_PV,1405-F-0087.RM_PV,1405-P_TH-0087.RM_PV,29/06/2016 5:03
42,MKA4L,1405-EB-0057.RM_PV,1405-F-0057.RM_PV,1405-P_TH-0057.RM_PV,29/06/2016 5:04
42,MKA5L,1405-EB-0067.RM_PV,1405-F-0067.RM_PV,1405-P_TH-0067.RM_PV,29/06/2016 5:05
42,MKA7,1405-EB-0142.RM_PV,1405-F-0142.RM_PV,1405-P_TH-0142.RM_PV,29/06/2016 5:05
42,MKA9,1405-EB-0174.RM_PV,1405-F-0174.RM_PV,1405-P_TH-0174.RM_PV,29/06/2016 5:06
42,MOLA1,1163-EB-0002.RM_PV,1163-F-0002.RM_PV,1163-P_TH-0002.RM_PV,29/06/2016 5:11
8,MONT1,1132-EB-00001.RM_PV,1132-F-00001.RM_PV,1132-P_TH-00001.RM_PV,17/12/2020 8:25
23,MONW1,1122-EB-00020.RM_PV,1122-F-00020.RM_PV,1122-P_TH-00020.RM_PV,12/05/2021 3:27
46,MOOA1,1093-EB-0001.RM_PV,1093-F-0001.RM_PV,1093-P_TH-0001.RM_PV,29/06/2016 5:59
48,MOOL1,1237-EB-0001.RM_PV,1237-F-0001.RM_PV,1237-P_TH-0001.RM_PV,29/06/2016 5:04
48,MOOL3,1237-EB-0002.RM_PV,1237-F-0002.RM_PV,1237-P_TH-0002.RM_PV,29/06/2016 5:05
48,MOOL4,1237-EB-0004.RM_PV,1237-F-0004.RM_PV,1237-P_TH-0004.RM_PV,29/06/2016 5:06
48,MOOL5,1237-EB-0011.RM_PV,1237-F-0011.RM_PV,1237-P_TH-0011.RM_PV,29/06/2016 5:08
48,MOOL6,1237-EB-0017.RM_PV,1237-F-0017.RM_PV,1237-P_TH-0017.RM_PV,29/06/2016 5:09
48,MOOL7,1237-EB-0020.RM_PV,1237-F-0020.RM_PV,1237-P_TH-0020.RM_PV,29/06/2016 5:10
44,MOOLN2,1234-EB-0005.RM_PV,1234-F-0005.RM_PV,1234-P_TH-0005.RM_PV,29/06/2016 5:11
2,MOOM1,1060-EB-5102.RM_PV,1060-F-5102.RM_PV,1060-P_TH-5102.RM_PV,29/06/2016 4:59
41,MOOM10,1040-EB-0058.RM_PV,1040-F-0058.RM_PV,1040-P_TH-0058.RM_PV,29/06/2016 5:00
45,MOOM103,1070-EB-0041.RM_PV,1070-F-0041.RM_PV,1070-P_TH-0041.RM_PV,29/06/2016 5:37
19,MOOM105,1070-EB-0081.RM_PV,1070-F-0081.RM_PV,1070-P_TH-0081.RM_PV,29/06/2016 5:38
46,MOOM106,1070-EB-0082.RM_PV,1070-F-0082.RM_PV,1070-P_TH-0082.RM_PV,29/06/2016 5:39
46,MOOM108,1070-EB-0084.RM_PV,1070-F-0084.RM_PV,1070-P_TH-0084.RM_PV,29/06/2016 5:39
46,MOOM109,1070-EB-0085.RM_PV,1070-F-0085.RM_PV,1070-P_TH-0085.RM_PV,29/06/2016 5:40
46,MOOM110,1070-EB-0086.RM_PV,1070-F-0086.RM_PV,1070-P_TH-0086.RM_PV,29/06/2016 5:40
21,MOOM111,1070-EB-0089.RM_PV,1070-F-0089.RM_PV,1070-P_TH-0089.RM_PV,29/06/2016 5:41
21,MOOM112,1070-EB-0088.RM_PV,1070-F-0088.RM_PV,1070-P_TH-0088.RM_PV,1/11/2016 4:43
21,MOOM113,1070-EB-0091.RM_PV,1070-F-0091.RM_PV,1070-P_TH-0091.RM_PV,29/06/2016 5:01
12,MOOM114,1070-EB-0095.RM_PV,1070-F-0095.RM_PV,1070-P_TH-0095.RM_PV,29/06/2016 5:02
46,MOOM115,1070-EB-0096.RM_PV,1070-F-0096.RM_PV,1070-P_TH-0096.RM_PV,29/06/2016 6:02
21,MOOM116,1070-EB-0097.RM_PV,1070-F-0097.RM_PV,1070-P_TH-0097.RM_PV,29/06/2016 5:03
37,MOOM120,1060-EB-5093.RM_PV,1060-F-5093.RM_PV,1060-P_TH-5093.RM_PV,29/06/2016 5:43
46,MOOM121,1070-EB-0098.RM_PV,1070-F-0098.RM_PV,1070-P_TH-0098.RM_PV,29/06/2016 5:43
46,MOOM122,1070-EB-0099.RM_PV,1070-F-0099.RM_PV,1070-P_TH-0099.RM_PV,29/06/2016 5:44
3,MOOM123,1070-EB-0100.RM_PV,1070-F-0100.RM_PV,1070-P_TH-0100.RM_PV,29/06/2016 5:45
46,MOOM124,1070-EB-0101.RM_PV,1070-F-0101.RM_PV,1070-P_TH-0101.RM_PV,29/06/2016 5:45
3,MOOM131,1070-EB-0106.RM_PV,1070-F-0106.RM_PV,1070-P_TH-0106.RM_PV,29/06/2016 5:47
19,MOOM132,1070-EB-0109.RM_PV,1070-F-0109.RM_PV,1070-P_TH-0109.RM_PV,29/06/2016 5:47
31,MOOM133,1060-EB-0070.RM_PV,1060-F-0070.RM_PV,1060-P_TH-0070.RM_PV,29/06/2016 5:48
7,MOOM134,1070-EB-0110.RM_PV,1070-F-0110.RM_PV,1070-P_TH-0110.RM_PV,29/06/2016 5:49
2,MOOM138,1060-EB-0053.RM_PV,1060-F-0053.RM_PV,1060-P_TH-0053.RM_PV,29/06/2016 5:01
31,MOOM139,1060-EB-0052.RM_PV,1060-F-0052.RM_PV,1060-P_TH-0052.RM_PV,29/06/2016 5:02
35,MOOM14,1050-EB-8279.RM_PV,1050-F-8279.RM_PV,1050-P_TH-8279.RM_PV,29/06/2016 5:02
3,MOOM140,1070-EB-8068.RM_PV,1070-F-8068.RM_PV,1070-P_TH-8068.RM_PV,29/06/2016 5:49
19,MOOM141,1070-EB-8069.RM_PV,1070-F-8069.RM_PV,1070-P_TH-8069.RM_PV,29/06/2016 5:50
19,MOOM142,1070-EB-00389.RM_PV,1070-F-00389.RM_PV,1070-P_TH-00389.RM_PV,4/01/2020 1:55
19,MOOM143,1070-EB-0112.RM_PV,1070-F-0112.RM_PV,1070-P_TH-0112.RM_PV,29/06/2016 5:51
3,MOOM146,1070-EB-0115.RM_PV,1070-F-0115.RM_PV,1070-P_TH-0115.RM_PV,29/06/2016 5:52
31,MOOM149,1060-EB-0054.RM_PV,1060-F-0054.RM_PV,1060-P_TH-0054.RM_PV,29/06/2016 5:21
31,MOOM150,1060-EB-0055.RM_PV,1060-F-0055.RM_PV,1060-P_TH-0055.RM_PV,29/06/2016 5:52
14,MOOM151,1060-EB-0056.RM_PV,1060-F-0056.RM_PV,1060-P_TH-0056.RM_PV,29/06/2016 5:53
14,MOOM152,1060-EB-0057.RM_PV,1060-F-0057.RM_PV,1060-P_TH-0057.RM_PV,29/06/2016 5:53
46,MOOM154,1070-EB-0119.RM_PV,1070-F-0119.RM_PV,1070-P_TH-0119.RM_PV,29/06/2016 5:54
46,MOOM156,1070-EB-0118.RM_PV,1070-F-0118.RM_PV,1070-P_TH-0118.RM_PV,29/06/2016 5:54
46,MOOM157,1070-EB-0120.RM_PV,1070-F-0120.RM_PV,1070-P_TH-0120.RM_PV,29/06/2016 5:55
3,MOOM158,1070-EB-0121.RM_PV,1070-F-0121.RM_PV,1070-P_TH-0121.RM_PV,29/06/2016 5:56
46,MOOM159,1070-EB-0122.RM_PV,1070-F-0122.RM_PV,1070-P_TH-0122.RM_PV,29/06/2016 5:57
41,MOOM16,1040-EB-8496.RM_PV,1040-F-8496.RM_PV,1040-P_TH-8496.RM_PV,29/06/2016 5:03
14,MOOM163,1060-EB-0060.RM_PV,1060-F-0060.RM_PV,1060-P_TH-0060.RM_PV,29/06/2016 5:58
14,MOOM164,1060-EB-0061.RM_PV,1060-F-0061.RM_PV,1060-P_TH-0061.RM_PV,29/06/2016 5:22
46,MOOM169,1070-EB-0134.RM_PV,1070-F-0134.RM_PV,1070-P_TH-0134.RM_PV,29/06/2016 5:58
46,MOOM170,1070-EB-0135.RM_PV,1070-F-0135.RM_PV,1070-P_TH-0135.RM_PV,29/06/2016 5:03
46,MOOM171,1070-EB-0136.RM_PV,1070-F-0136.RM_PV,1070-P_TH-0136.RM_PV,29/06/2016 4:58
46,MOOM172,1070-EB-0137.RM_PV,1070-F-0137.RM_PV,1070-P_TH-0137.RM_PV,29/06/2016 5:00
46,MOOM173,1070-EB-0138.RM_PV,1070-F-0138.RM_PV,1070-P_TH-0138.RM_PV,29/06/2016 5:02
45,MOOM175,1060-EB-5107.RM_PV,1060-F-5107.RM_PV,1060-P_TH-5107.RM_PV,29/06/2016 5:23
35,MOOM176,1050-EB-8326.RM_PV,1050-F-8326.RM_PV,1050-P_TH-8326.RM_PV,29/06/2016 5:04
45,MOOM178,1060-EB-5112.RM_PV,1060-F-5112.RM_PV,1060-P_TH-5112.RM_PV,29/06/2016 5:24
45,MOOM179,1060-EB-5110.RM_PV,1060-F-5110.RM_PV,1060-P_TH-5110.RM_PV,29/06/2016 23:24
45,MOOM180,1060-EB-5114.RM_PV,1060-F-5114.RM_PV,1060-P_TH-5114.RM_PV,29/06/2016 5:06
45,MOOM181,1060-EB-5116.RM_PV,1060-F-5116.RM_PV,1060-P_TH-5116.RM_PV,29/06/2016 5:29
46,MOOM184,1070-EB-8092.RM_PV,1070-F-8092.RM_PV,1070-P_TH-8092.RM_PV,29/06/2016 5:00
46,MOOM185,1070-EB-8097.RM_PV,1070-F-8097.RM_PV,1070-P_TH-8097.RM_PV,29/06/2016 5:01
46,MOOM187,1070-EB-8102.RM_PV,1070-F-8102.RM_PV,1070-P_TH-8102.RM_PV,29/06/2016 5:02
48,MOOM188,1040-EB-9093.RM_PV,1040-F-9093.RM_PV,1040-P_TH-9093.RM_PV,29/06/2016 5:03
48,MOOM189,1050-EB-8847.RM_PV,1050-F-8847.RM_PV,1050-P_TH-8847.RM_PV,29/06/2016 5:06
35,MOOM19,1050-EB-7978.RM_PV,1050-F-7978.RM_PV,1050-P_TH-7978.RM_PV,29/06/2016 5:07
48,MOOM190,1050-EB-8852.RM_PV,1050-F-8852.RM_PV,1050-P_TH-8852.RM_PV,29/06/2016 5:08
46,MOOM191,1070-EB-9679.RM_PV,1070-F-9679.RM_PV,1070-P_TH-9679.RM_PV,29/06/2016 5:04
46,MOOM192,1070-EB-9726.RM_PV,1070-F-9726.RM_PV,1070-P_TH-9726.RM_PV,29/06/2016 5:04
46,MOOM193,1070-EB-9871.RM_PV,1070-F-9871.RM_PV,1070-P_TH-9871.RM_PV,29/06/2016 5:05
7,MOOM194,1070-EB-9705.RM_PV,1070-F-09705.RM_PV,1070-P_TH-09705.RM_PV,29/06/2016 5:06
2,MOOM195,1050-EB-00242.RM_PV,1050-F-00242.RM_PV,1050-P_TH-00242.RM_PV,13/04/2022 6:48
46,MOOM196,1070-EB-9711.RM_PV,1070-F-9711.RM_PV,1070-P_TH-9711.RM_PV,29/06/2016 5:07
46,MOOM197,1070-EB-9700.RM_PV,1070-F-9700.RM_PV,1070-P_TH-9700.RM_PV,29/06/2016 5:07
46,MOOM198,1070-EB-9747.RM_PV,1070-F-9747.RM_PV,1070-P_TH-9747.RM_PV,29/06/2016 5:08
46,MOOM199,1070-EB-9736.RM_PV,1070-F-9736.RM_PV,1070-P_TH-9736.RM_PV,29/06/2016 5:09
48,MOOM2,1050-EB-8278.RM_PV,1050-F-8278.RM_PV,1050-P_TH-8278.RM_PV,29/06/2016 6:08
46,MOOM200,1070-EB-9758.RM_PV,1070-F-9758.RM_PV,1070-P_TH-9758.RM_PV,29/06/2016 5:10
46,MOOM201,1070-EB-9769.RM_PV,1070-F-9769.RM_PV,1070-P_TH-9769.RM_PV,29/06/2016 5:11
48,MOOM202,1050-EB-8903.RM_PV,1050-F-8903.RM_PV,1050-P_TH-8903.RM_PV,29/06/2016 5:09
7,MOOM206,1070-EB-00310.RM_PV,1070-F-00310.RM_PV,1070-P_TH-00310.RM_PV,29/06/2016 5:11
7,MOOM207,1070-EB-00315.RM_PV,1070-F-00315.RM_PV,1070-P_TH-00315.RM_PV,29/06/2016 5:13
3,MOOM208,1070-EB-00320.RM_PV,1070-F-00320.RM_PV,1070-P_TH-00320.RM_PV,29/06/2016 5:13
42,MOOM209,1040-EB-00001.RM_PV,1040-F-00001.RM_PV,1040-P_TH-00001.RM_PV,29/06/2016 5:10
48,MOOM21,1050-EB-0056.RM_PV,1050-F-0056.RM_PV,1050-P_TH-0056.RM_PV,29/06/2016 5:11
25,MOOM212,1050-EB-0043.RM_PV,1050-F-0043.RM_PV,1050-P_TH-0043.RM_PV,29/06/2016 5:15
46,MOOM213,1070-EB-00327.RM_PV,1070-F-00327.RM_PV,1070-P_TH-00327.RM_PV,1/08/2017 4:19
46,MOOM214,1070-EB-00332.RM_PV,1070-F-00332.RM_PV,1070-P_TH-00332.RM_PV,1/08/2017 4:39
46,MOOM215,1070-EB-00337.RM_PV,1070-F-00337.RM_PV,1070-P_TH-00337.RM_PV,1/08/2017 5:31
46,MOOM216,1070-EB-00342.RM_PV,1070-F-00342.RM_PV,1070-P_TH-00342.RM_PV,1/08/2017 21:31
48,MOOM217,1050-EB-00100.RM_PV,1050-F-00100.RM_PV,1050-P_TH-00100.RM_PV,5/10/2018 7:11
48,MOOM218,1050-EB-00105.RM_PV,1050-F-00105.RM_PV,1050-P_TH-00105.RM_PV,5/10/2018 6:11
50,MOOM219,1050-EB-.RM_PV,1050-F-.RM_PV,1050-P_TH-.RM_PV,11/08/2018 2:13
50,MOOM220,1050-EB-00115.RM_PV,1050-F-00115.RM_PV,1050-P_TH-00115.RM_PV,11/08/2018 2:14
46,MOOM221,1070-EB-00359.RM_PV,1070-F-00359.RM_PV,1070-P_TH-00359.RM_PV,26/10/2018 3:12
46,MOOM222,1070-EB-00364.RM_PV,1070-F-00364.RM_PV,1070-P_TH-00364.RM_PV,26/10/2018 4:13
46,MOOM223,1070-EB-00369.RM_PV,1070-F-00369.RM_PV,1070-P_TH-00369.RM_PV,26/10/2018 4:13
7,MOOM224,1070-EB-00354.RM_PV,1070-F-00354.RM_PV,1070-P_TH-00354.RM_PV,21/09/2018 7:14
48,MOOM228,1050-EB-00124.RM_PV,1050-F-00124.RM_PV,1050-P_TH-00124.RM_PV,22/12/2018 6:14
35,MOOM229,1050-EB-00129.RM_PV,1050-F-00129.RM_PV,1050-P_TH-00129.RM_PV,14/12/2018 3:15
48,MOOM230,1050-EB-00134.RM_PV,1050-F-00134.RM_PV,1050-P_TH-00134.RM_PV,14/12/2018 23:15
14,MOOM231,1050-EB-00139.RM_PV,1050-F-00139.RM_PV,1050-P_TH-00139.RM_PV,29/12/2018 21:15
14,MOOM232,1040-EB-00036.RM_PV,1040-F-00036.RM_PV,1040-P_TH-00036.RM_PV,16/07/2019 9:59
14,MOOM234,1040-EB-00050.RM_PV,1040-F-00050.RM_PV,1040-P_TH-00050.RM_PV,16/07/2019 10:02
40,MOOM235,1050-EB-00153.RM_PV,1050-F-00153.RM_PV,1050-P_TH-00153.RM_PV,16/07/2019 10:04
49,MOOM236,1050-EB-00159.RM_PV,1050-F-00159.RM_PV,1050-P_TH-00159.RM_PV,27/03/2020 1:04
50,MOOM237,1040-EB-00063.RM_PV,1040-F-00063.RM_PV,1040-P_TH-00063.RM_PV,13/04/2020 9:02
40,MOOM238,1050-EB-00185.RM_PV,1050-F-00185.RM_PV,1050-P_TH-00185.RM_PV,25/05/2020 20:18
40,MOOM239,1050-EB-00190.RM_PV,1050-F-00190.RM_PV,1050-P_TH-00190.RM_PV,26/05/2020 2:08
40,MOOM240,1050-EB-00195.RM_PV,1050-F-00195.RM_PV,1050-P_TH-00195.RM_PV,24/05/2020 8:11
40,MOOM241,1050-EB-00200.RM_PV,1050-F-00200.RM_PV,1050-P_TH-00200.RM_PV,24/05/2020 0:12
25,MOOM242,1050-EB-00164.RM_PV,1050-F-00164.RM_PV,1050-P_TH-00164.RM_PV,24/10/2020 23:07
25,MOOM243,1050-EB-00169.RM_PV,1050-F-00169.RM_PV,1050-P_TH-00169.RM_PV,5/11/2020 3:11
25,MOOM244,1050-EB-00174.RM_PV,1050-F-00174.RM_PV,1050-P_TH-00174.RM_PV,5/11/2020 2:13
25,MOOM245,1050-EB-00180.RM_PV,1050-F-00180.RM_PV,1050-P_TH-00180.RM_PV,15/12/2020 1:30
14,MOOM246,1060-EB-00015.RM_PV,1060-F-00015.RM_PV,1060-P_TH-00015.RM_PV,27/02/2020 0:57
14,MOOM247,1060-EB-00020.RM_PV,1060-F-00020.RM_PV,1060-P_TH-00020.RM_PV,18/01/2020 1:15
14,MOOM248,1060-EB-00025.RM_PV,1060-F-00025.RM_PV,1060-P_TH-00025.RM_PV,18/01/2020 0:16
14,MOOM249,1060-EB-00030.RM_PV,1060-F-00030.RM_PV,1060-P_TH-00030.RM_PV,7/04/2020 2:16
39,MOOM250,1040-EB-00073.RM_PV,1040-F-00073.RM_PV,1040-P_TH-00073.RM_PV,27/03/2020 21:30
50,MOOM251,1050-EB-00205.RM_PV,1050-F-00205.RM_PV,1050-P_TH-00205.RM_PV,12/04/2020 9:11
48,MOOM252,1050-EB-00216.RM_PV,1050-F-00216.RM_PV,1050-P_TH-00216.RM_PV,30/09/2020 5:16
3,MOOM253,1070-EB-00351.RM_PV,1070-F-00351.RM_PV,1070-P_TH-00351.RM_PV,25/05/2020 7:31
3,MOOM254,1070-EB-00396.RM_PV,1070-F-00396.RM_PV,1070-P_TH-00396.RM_PV,14/07/2020 5:17
3,MOOM255,1070-EB-00401.RM_PV,1070-F-00401.RM_PV,1070-P_TH-00401.RM_PV,14/07/2020 5:19
3,MOOM256,1070-EB-00406.RM_PV,1070-F-00406.RM_PV,1070-P_TH-00406.RM_PV,14/07/2020 5:18
25,MOOM257,1050-EB-00231.RM_PV,1050-F-00231.RM_PV,1050-P_TH-00231.RM_PV,17/03/2021 20:17
5,MOOM259,1070-EB-00380.RM_PV,1070-F-00380.RM_PV,1070-P_TH-00380.RM_PV,22/05/2021 0:59
7,MOOM26,1070-EB-0123.RM_PV,1070-F-0123.RM_PV,1070-P_TH-0123.RM_PV,29/06/2016 5:14
50,MOOM260,1040-EB-00080.RM_PV,1040-F-00080.RM_PV,1040-P_TH-00080.RM_PV,9/05/2021 1:56
19,MOOM261,1040-EB-00085.RM_PV,1040-F-00085.RM_PV,1040-P_TH-00085.RM_PV,12/06/2021 0:16
19,MOOM262,1060-EB-00038.RM_PV,1060-F-00038.RM_PV,1060-P_TH-00038.RM_PV,10/04/2021 21:17
25,MOOM263,1060-EB-00077.RM_PV,1060-F-00077.RM_PV,1060-P_TH-00077.RM_PV,28/04/2021 1:18
25,MOOM264,1060-EB-00091.RM_PV,1060-F-00091.RM_PV,1060-P_TH-00091.RM_PV,14/06/2021 20:51
46,MOOM27,1070-EB-0126.RM_PV,1070-F-0126.RM_PV,1070-P_TH-0126.RM_PV,29/06/2016 5:05
49,MOOM28,1060-EB-5103.RM_PV,1060-F-5103.RM_PV,1060-P_TH-5103.RM_PV,29/06/2016 5:15
14,MOOM29,1040-EB-8497.RM_PV,1040-F-8497.RM_PV,1040-P_TH-8497.RM_PV,29/06/2016 5:05
35,MOOM31,1050-EB-0350.RM_PV,1050-F-0350.RM_PV,1050-P_TH-0350.RM_PV,29/06/2016 5:15
35,MOOM32,1050-EB-0351.RM_PV,1050-F-0351.RM_PV,1050-P_TH-0351.RM_PV,29/06/2016 5:16
48,MOOM33,1050-EB-0352.RM_PV,1050-F-0352.RM_PV,1050-P_TH-0352.RM_PV,29/06/2016 5:17
14,MOOM34,1040-EB-8498.RM_PV,1040-F-8498.RM_PV,1040-P_TH-8498.RM_PV,29/06/2016 5:18
14,MOOM35,1050-EB-0348.RM_PV,1050-F-0348.RM_PV,1050-P_TH-0348.RM_PV,29/06/2016 5:19
48,MOOM36,1050-EB-0057.RM_PV,1050-F-0057.RM_PV,1050-P_TH-0057.RM_PV,29/06/2016 5:20
35,MOOM37,1050-EB-0353.RM_PV,1050-F-0353.RM_PV,1050-P_TH-0353.RM_PV,29/06/2016 5:21
35,MOOM39,1040-EB-8499.RM_PV,1040-F-8499.RM_PV,1040-P_TH-8499.RM_PV,29/06/2016 5:22
49,MOOM43,1060-EB-5104.RM_PV,1060-F-5104.RM_PV,1060-P_TH-5104.RM_PV,29/06/2016 5:16
49,MOOM44,1060-EB-5009.RM_PV,1060-F-5009.RM_PV,1060-P_TH-5009.RM_PV,29/06/2016 5:16
37,MOOM47,1040-EB-00018.RM_PV,1040-F-00018.RM_PV,1040-P_TH-00018.RM_PV,9/01/2017 22:00
48,MOOM48,1050-EB-7986.RM_PV,1050-F-7987.RM_PV,1050-P_TH-7986.RM_PV,29/06/2016 5:25
3,MOOM5,1070-EB-0151.RM_PV,1070-F-0151.RM_PV,1070-P_TH-0151.RM_PV,29/06/2016 5:17
46,MOOM50,1070-EB-0152.RM_PV,1070-F-0152.RM_PV,1070-P_TH-0152.RM_PV,29/06/2016 5:18
45,MOOM51,1060-EB-5085.RM_PV,1060-F-5085.RM_PV,1060-P_TH-5085.RM_PV,29/06/2016 5:18
14,MOOM53,1040-EB-8500.RM_PV,1040-F-8500.RM_PV,1040-P_TH-8500.RM_PV,29/06/2016 5:23
3,MOOM54,1070-EB-0032.RM_PV,1070-F-0032.RM_PV,1070-P_TH-0032.RM_PV,29/06/2016 5:20
46,MOOM55,1070-EB-0129.RM_PV,1070-F-0129.RM_PV,1070-P_TH-0129.RM_PV,29/06/2016 5:20
50,MOOM56,1070-EB-0132.RM_PV,1070-F-0132.RM_PV,1070-P_TH-0132.RM_PV,29/06/2016 5:07
48,MOOM57,1060-EB-8664.RM_PV,1060-F-8664.RM_PV,1060-P_TH-8664.RM_PV,29/06/2016 5:25
46,MOOM58,1070-EB-0031.RM_PV,1070-F-0031.RM_PV,1070-P_TH-0031.RM_PV,29/06/2016 5:21
5,MOOM59,1040-EB-9088.RM_PV,1040-F-9088.RM_PV,1040-P_TH-9088.RM_PV,29/06/2016 5:22
46,MOOM6,1070-EB-0117.RM_PV,1070-F-0117.RM_PV,1070-P_TH-0117.RM_PV,29/06/2016 5:23
46,MOOM63,1070-EB-0040.RM_PV,1070-F-0040.RM_PV,1070-P_TH-0040.RM_PV,29/06/2016 5:23
49,MOOM67,1050-EB-0058.RM_PV,1050-F-0058.RM_PV,1050-P_TH-0058.RM_PV,29/06/2016 5:24
5,MOOM71,1070-EB-0153.RM_PV,1070-F-0153.RM_PV,1070-P_TH-0153.RM_PV,29/06/2016 5:07
19,MOOM72,1070-EB-0080.RM_PV,1070-F-0080.RM_PV,1070-P_TH-0080.RM_PV,29/06/2016 5:24
5,MOOM74,1070-EB-0154.RM_PV,1070-F-0154.RM_PV,1070-P_TH-0154.RM_PV,29/06/2016 6:27
5,MOOM75,1060-EB-0068.RM_PV,1060-F-0068.RM_PV,1060-P_TH-0068.RM_PV,29/06/2016 6:24
46,MOOM79,1070-EB-0028.RM_PV,1070-F-0028.RM_PV,1070-P_TH-0028.RM_PV,29/06/2016 5:25
5,MOOM8,1040-EB-0059.RM_PV,1040-F-0059.RM_PV,1040-P_TH-0059.RM_PV,29/06/2016 5:26
46,MOOM80,1070-EB-0029.RM_PV,1070-F-0029.RM_PV,1070-P_TH-0029.RM_PV,29/06/2016 6:26
5,MOOM87,1040-EB-8454.RM_PV,1040-F-8454.RM_PV,1040-P_TH-8454.RM_PV,29/06/2016 5:24
14,MOOM89,1040-EB-8455.RM_PV,1040-F-8455.RM_PV,1040-P_TH-8455.RM_PV,29/06/2016 5:26
37,MOOM9,1040-EB-0104.RM_PV,1040-F-0104.RM_PV,1040-P_TH-0104.RM_PV,29/06/2016 5:27
46,MOOM90,1070-EB-0034.RM_PV,1070-F-0034.RM_PV,1070-P_TH-0034.RM_PV,29/06/2016 5:08
5,MOOM91,1070-EB-0033.RM_PV,1070-F-0033.RM_PV,1070-P_TH-0033.RM_PV,29/06/2016 5:09
19,MOOM92,1070-EB-0036.RM_PV,1070-F-0036.RM_PV,1070-P_TH-0036.RM_PV,29/06/2016 5:27
46,MOOM93,1070-EB-0035.RM_PV,1070-F-0035.RM_PV,1070-P_TH-0035.RM_PV,29/06/2016 5:27
37,MOOM95,1040-EB-8458.RM_PV,1040-F-8458.RM_PV,1040-P_TH-8458.RM_PV,29/06/2016 5:28
46,MOOMN1,1070-EB-0150.RM_PV,1070-F-0150.RM_PV,1070-P_TH-0150.RM_PV,29/06/2016 5:28
49,MOOMS1,1050-EB-8339.RM_PV,1050-F-8339.RM_PV,1050-P_TH-8339.RM_PV,29/06/2016 6:27
7,MOOM_N2,1070-EB-0079.RM_PV,1070-F-0079.RM_PV,1070-P_TH-0079.RM_PV,29/06/2016 6:36
9,MOON1,1122-EB-0001.RM_PV,1122-F-0001.RM_PV,1122-P_TH-0001.RM_PV,29/06/2016 5:23
9,MOON4,1122-EB-00008.RM_PV,1122-F-00008.RM_PV,1122-P_TH-00008.RM_PV,30/07/2020 3:59
9,MOON5,1122-EB-00013.RM_PV,1122-F-00013.RM_PV,1122-P_TH-00013.RM_PV,30/07/2020 2:00
36,MOONA1,1023-EB-0001.RM_PV,1023-F-0001.RM_PV,1023-P_TH-0001.RM_PV,29/06/2016 6:09
48,MOOR12,1220-EB-7162.RM_PV,1220-F-7162.RM_PV,1220-P_TH-7162.RM_PV,29/06/2016 5:04
48,MOOR13,1220-EB-7190.RM_PV,1220-F-7190.RM_PV,1220-P_TH-7190.RM_PV,29/06/2016 5:53
48,MOOR14,1220-EB-7196.RM_PV,1220-F-7196.RM_PV,1220-P_TH-7196.RM_PV,29/06/2016 5:55
48,MOOR15,1220-EB-00022.RM_PV,1220-F-00022.RM_PV,1220-P_TH-00022.RM_PV,22/01/2019 19:43
48,MOOR16,1220-EB-00027.RM_PV,1220-F-00027.RM_PV,1220-P_TH-00027.RM_PV,22/01/2019 19:47
48,MOOR17,1220-EB-00032.RM_PV,1220-F-00032.RM_PV,1220-P_TH-00032.RM_PV,16/07/2019 9:57
48,MOOR18,1220-EB-00037.RM_PV,1220-F-00037.RM_PV,1220-P_TH-00037.RM_PV,16/07/2019 9:58
48,MOOR19,1220-EB-00042.RM_PV,1220-F-00042.RM_PV,1220-P_TH-00042.RM_PV,6/07/2020 1:05
48,MOOR20,1220-EB-00047.RM_PV,1220-F-00047.RM_PV,1220-P_TH-00047.RM_PV,6/07/2020 1:06
37,MOOR21,1220-EB-00067.RM_PV,1220-F-00067.RM_PV,1220-P_TH-00067.RM_PV,8/03/2022 21:31
48,MOOR22,1220-EB-00072.RM_PV,1220-F-00072.RM_PV,1220-P_TH-00072.RM_PV,7/03/2022 5:07
26,MOOR23,1220-EB-00057.RM_PV,1220-F-00057.RM_PV,1220-P_TH-00057.RM_PV,12/03/2022 3:08
48,MOOR3,1220-EB-0505.RM_PV,1220-F-0505.RM_PV,1220-P_TH-0505.RM_PV,29/06/2016 5:03
48,MOOR5,1220-EB-7170.RM_PV,1220-F-7170.RM_PV,1220-P_TH-7170.RM_PV,29/06/2016 5:55
48,MOOR7,1220-EB-7175.RM_PV,1220-F-7175.RM_PV,1220-P_TH-7175.RM_PV,29/06/2016 5:57
48,MOOR8,1220-EB-7171.RM_PV,1220-F-7171.RM_PV,1220-P_TH-7171.RM_PV,29/06/2016 5:58
22,MTHOW2,1462-EB-0001.RM_PV,1462-F-0001.RM_PV,1462-P_TH-0001.RM_PV,29/06/2016 5:31
28,MUDA10,1091-EB-0009.RM_PV,1091-F-0009.RM_PV,1091-P_TH-0009.RM_PV,29/06/2016 4:59
28,MUDA11,1091-EB-0007.RM_PV,1091-F-0007.RM_PV,1091-P_TH-0007.RM_PV,29/06/2016 5:01
28,MUDA12,1091-EB-0015.RM_PV,1091-F-0015.RM_PV,1091-P_TH-0015.RM_PV,29/06/2016 5:01
43,MUDA13,1091-EB-0018.RM_PV,1091-F-0018.RM_PV,1091-P_TH-0018.RM_PV,29/06/2016 5:02
43,MUDA14,1091-EB-0020.RM_PV,1091-F-0020.RM_PV,1091-P_TH-0020.RM_PV,29/06/2016 5:03
43,MUDA15,1091-EB-0022.RM_PV,1091-F-0022.RM_PV,1091-P_TH-0022.RM_PV,29/06/2016 5:04
43,MUDA16,1091-EB-0014.RM_PV,1091-F-0014.RM_PV,1091-P_TH-0014.RM_PV,29/06/2016 5:05
43,MUDA2,1091-EB-0273.RM_PV,1091-F-0273.RM_PV,1091-P_TH-0273.RM_PV,29/06/2016 6:10
35,MUDA23,1091-EB-00098.RM_PV,1091-F-00098.RM_PV,1091-P_TH-00098.RM_PV,31/08/2019 6:13
35,MUDA24,1091-EB-00108.RM_PV,1091-F-00108.RM_PV,1091-P_TH-00108.RM_PV,25/08/2019 4:14
44,MUDA25,1091-EB-00103.RM_PV,1091-F-00103.RM_PV,1091-P_TH-00103.RM_PV,27/08/2019 7:15
35,MUDA26,1091-EB-00113.RM_PV,1091-F-00113.RM_PV,1091-P_TH-00113.RM_PV,22/08/2019 20:38
35,MUDA27,1091-EB-00093.RM_PV,1091-F-00093.RM_PV,1091-P_TH-00093.RM_PV,19/08/2019 5:17
43,MUDA7,1091-EB-0003.RM_PV,1091-F-0003.RM_PV,1091-P_TH-0003.RM_PV,29/06/2016 5:14
43,MUDA8,1091-EB-0005.RM_PV,1091-F-0005.RM_PV,1091-P_TH-0005.RM_PV,29/06/2016 5:15
43,MUDA9,1091-EB-0011.RM_PV,1091-F-0011.RM_PV,1091-P_TH-0011.RM_PV,29/06/2016 5:16
11,MUND3,1157-EB-00026.RM_PV,1157-F-00026.RM_PV,1157-P_TH-00026.RM_PV,4/12/2020 22:44
11,MUND6,1157-EB-8659.RM_PV,1157-F-8659.RM_PV,1157-P_TH-8659.RM_PV,29/06/2016 5:41
11,MUND7,1157-EB-8660.RM_PV,1157-F-8660.RM_PV,1157-P_TH-8660.RM_PV,29/06/2016 5:41
23,MUNK10,1270-EB-0140.RM_PV,1270-F-0140.RM_PV,1270-P_TH-0140.RM_PV,29/06/2016 5:42
23,MUNK11,1270-EB-00149.RM_PV,1270-F-00149.RM_PV,1270-P_TH-00149.RM_PV,25/08/2019 8:47
23,MUNK1U,1270-EB-0016.RM_PV,1270-F-0016.RM_PV,1270-P_TH-0016.RM_PV,29/06/2016 5:43
23,MUNK7U,1270-EB-0026.RM_PV,1270-F-0026.RM_PV,1270-P_TH-0026.RM_PV,29/06/2016 5:44
23,MUNK8,1270-EB-0033.RM_PV,1270-F-0033.RM_PV,1270-P_TH-0033.RM_PV,29/06/2016 5:44
23,MUNK9,1270-EB-0006.RM_PV,1270-F-0006.RM_PV,1270-P_TH-0006.RM_PV,29/06/2016 5:45
23,NACEST2,2100-EB-00020.RM_PV,2100-F-00020.RM_PV,2100-P_TH-00020.RM_PV,9/04/2017 4:04
25,NACS12,2100-EB-00011.RM_PV,2100-F-00011.RM_PV,2100-P_TH-00011.RM_PV,4/06/2017 0:40
25,NACS4,2100-EB-00025.RM_PV,2100-F-00025.RM_PV,2100-P_TH-00025.RM_PV,5/06/2017 21:30
46,NAMU10,1260-EB-00033.RM_PV,1260-F-00033.RM_PV,1260-P_TH-00033.RM_PV,27/01/2018 7:27
46,NAMU12,1260-EB-00053.RM_PV,1260-F-00053.RM_PV,1260-P_TH-00053.RM_PV,4/01/2020 0:56
46,NAMU13,1260-EB-00058.RM_PV,1260-F-00058.RM_PV,1260-P_TH-00058.RM_PV,4/01/2020 0:50
46,NAMU14,1260-EB-00063.RM_PV,1260-F-00063.RM_PV,1260-P_TH-00063.RM_PV,4/01/2020 0:43
34,NAMU15,1260-EB-00068.RM_PV,1260-F-00068.RM_PV,1260-P_TH-00068.RM_PV,16/07/2019 10:27
34,NAMU16,1260-EB-00073.RM_PV,1260-F-00073.RM_PV,1260-P_TH-00073.RM_PV,20/04/2021 9:26
34,NAMU17,1260-EB-00078.RM_PV,1260-F-00078.RM_PV,1260-P_TH-00078.RM_PV,20/04/2021 9:27
46,NAMU19,1260-EB-00088.RM_PV,1260-F-00088.RM_PV,1260-P_TH-00088.RM_PV,20/04/2021 9:27
46,NAMU4,1260-EB-00001.RM_PV,1260-F-00001.RM_PV,1260-P_TH-00001.RM_PV,31/07/2017 1:31
46,NAMU5,1260-EB-00013.RM_PV,1260-F-00013.RM_PV,1260-P_TH-00013.RM_PV,13/12/2017 19:31
46,NAMU6,1260-EB-00008.RM_PV,1260-F-00008.RM_PV,1260-P_TH-00008.RM_PV,13/12/2017 5:05
46,NAMU7,1260-EB-00018.RM_PV,1260-F-00018.RM_PV,1260-P_TH-00018.RM_PV,5/02/2018 23:29
46,NAMU8,1260-EB-00023.RM_PV,1260-F-00023.RM_PV,1260-P_TH-00023.RM_PV,5/02/2018 23:29
46,NAMU9,1260-EB-00028.RM_PV,1260-F-00028.RM_PV,1260-P_TH-00028.RM_PV,15/08/2018 7:34
27,NANI2,1283-EB-00001.RM_PV,1283-F-00001.RM_PV,1283-P_TH-00001.RM_PV,19/08/2019 4:21
31,NAPO10,1366-EB-00040.RM_PV,1366-F-00040.RM_PV,1366-P_TH-00040.RM_PV,22/10/2020 11:05
31,NAPO3,1366-EB-00001.RM_PV,1366-F-00001.RM_PV,1366-P_TH-00001.RM_PV,24/06/2018 2:12
21,NAPO4,1366-EB-00011.RM_PV,1366-F-00011.RM_PV,1366-P_TH-00011.RM_PV,18/12/2019 4:12
21,NAPO6,1366-EB-00041.RM_PV,1366-F-00041.RM_PV,1366-P_TH-00041.RM_PV,21/10/2020 5:13
21,NAPO8,1366-EB-00021.RM_PV,1366-F-00021.RM_PV,1366-P_TH-00021.RM_PV,19/10/2019 2:17
21,NAPO9,1366-EB-00020.RM_PV,1366-F-00020.RM_PV,1366-P_TH-00020.RM_PV,23/10/2020 10:16
50,NARIE1,1183-EB-0001.RM_PV,1183-F-0001.RM_PV,1183-P_TH-0001.RM_PV,29/06/2016 5:05
50,NARIE3,1183-EB-0013.RM_PV,1183-F-0013.RM_PV,1183-P_TH-0013.RM_PV,29/06/2016 6:00
50,NARIE4,1183-EB-00002.RM_PV,1183-F-00002.RM_PV,1183-P_TH-00002.RM_PV,29/06/2016 6:00
50,NARIE5,1183-EB-00010.RM_PV,1183-F-00010.RM_PV,1183-P_TH-00010.RM_PV,29/06/2016 5:00
9,NCGE1,1115-EB-0001.RM_PV,1115-F-0001.RM_PV,1115-P_TH-0001.RM_PV,29/06/2016 5:24
46,NEPH2,1019-EB-0003.RM_PV,1019-F-0003.RM_PV,1019-P_TH-0003.RM_PV,29/06/2016 5:09
36,NEPHS1,1020-EB-0001.RM_PV,1020-F-0001.RM_PV,1020-P_TH-0001.RM_PV,11/07/2016 3:11
36,NEPHS3,1020-EB-0003.RM_PV,1020-F-0003.RM_PV,1020-P_TH-0003.RM_PV,29/06/2016 5:12
36,NEPHS4,1020-EB-0004.RM_PV,1020-F-0004.RM_PV,1020-P_TH-0004.RM_PV,29/06/2016 5:13
36,NEPHS5,1020-EB-0006.RM_PV,1020-F-0006.RM_PV,1020-P_TH-0006.RM_PV,29/06/2016 5:14
36,NEPHS6,1020-EB-0637.RM_PV,1020-F-0637.RM_PV,1020-P_TH-0637.RM_PV,29/06/2016 5:15
36,NEPHS7,1020-EB-0644.RM_PV,1020-F-0644.RM_PV,1020-P_TH-0644.RM_PV,29/06/2016 5:15
36,NEPHS8,1020-EB-0651.RM_PV,1020-F-0651.RM_PV,1020-P_TH-0651.RM_PV,29/06/2016 5:16
36,NEPHS9,1020-EB-0658.RM_PV,1020-F-0658.RM_PV,1020-P_TH-0658.RM_PV,29/06/2016 5:17
12,OTKN1,1422-EB-00021.RM_PV,1422-F-00021.RM_PV,1422-P_TH-00021.RM_PV,4/01/2020 1:05
12,OTKN2,1422-EB-00044.RM_PV,1422-F-00044.RM_PV,1422-P_TH-00044.RM_PV,6/12/2020 7:04
18,OTKW1,1421-EB-0001.RM_PV,1421-F-0001.RM_PV,1421-P_TH-0001.RM_PV,29/06/2016 5:00
18,OTKW2,1421-EB-0005.RM_PV,1421-F-0005.RM_PV,1421-P_TH-0005.RM_PV,29/06/2016 5:07
18,OTKW3ST1,1421-EB-0012.RM_PV,1421-F-0012.RM_PV,1421-P_TH-0012.RM_PV,29/06/2016 5:02
23,PATR2,4103-EB-0053.RM_PV,4103-F-0053.RM_PV,4103-P_TH-0053.RM_PV,29/06/2016 20:44
23,PATROE1,4105-EB-00002.RM_PV,4105-F-00002.RM_PV,4105-P_TH-00002.RM_PV,8/12/2016 7:20
27,PELI10,1242-EB-0005.RM_PV,1242-F-0005.RM_PV,1242-P_TH-0005.RM_PV,29/06/2016 5:06
27,PELI13,1242-EB-8346.RM_PV,1242-F-8346.RM_PV,1242-P_TH-8346.RM_PV,29/06/2016 5:01
6,PELI14,1242-EB-00034.RM_PV,1242-F-00034.RM_PV,1242-P_TH-00034.RM_PV,18/05/2022 22:32
27,PELI1L,1242-EB-0011.RM_PV,1242-F-0011.RM_PV,1242-P_TH-0011.RM_PV,29/06/2016 5:06
27,PELI2L,1242-EB-0017.RM_PV,1242-F-0017.RM_PV,1242-P_TH-0017.RM_PV,29/06/2016 5:06
50,PELI3,1242-EB-0001.RM_PV,1242-F-0001.RM_PV,1242-P_TH-0001.RM_PV,29/06/2016 5:06
27,PELI8,1242-EB-0027.RM_PV,1242-F-0027.RM_PV,1242-P_TH-0027.RM_PV,29/06/2016 6:00
27,PELI9,1242-EB-0004.RM_PV,1242-F-0004.RM_PV,1242-P_TH-0004.RM_PV,29/06/2016 5:09
23,PIRA1,1104-EB-0001.RM_PV,1104-F-0001.RM_PV,1104-P_TH-0001.RM_PV,29/06/2016 5:25
23,PIRA3,1104-EB-0003.RM_PV,1104-F-0003.RM_PV,1104-P_TH-0003.RM_PV,29/06/2016 5:26
23,PIRA4,1104-EB-00036.RM_PV,1104-F-00036.RM_PV,1104-P_TH-00036.RM_PV,30/08/2021 7:30
12,PIUT1,1422-EB-00340.RM_PV,1422-F-00340.RM_PV,1422-P_TH-00340.RM_PV,14/01/2020 6:08
4,POND1,1352-EB-0011.RM_PV,1352-F-0011.RM_PV,1352-P_TH-0011.RM_PV,29/06/2016 6:08
4,POND11,1352-EB-0014.RM_PV,1352-F-0014.RM_PV,1352-P_TH-0014.RM_PV,29/06/2016 5:15
4,POND13,1352-EB-0064.RM_PV,1352-F-0064.RM_PV,1352-P_TH-0064.RM_PV,29/06/2016 5:15
4,POND15,1352-EB-0069.RM_PV,1352-F-0069.RM_PV,1352-P_TH-0069.RM_PV,29/06/2016 5:16
4,POND16,1352-EB-0071.RM_PV,1352-F-0071.RM_PV,1352-P_TH-0071.RM_PV,29/06/2016 6:14
4,POND17,1352-EB-0070.RM_PV,1352-F-0070.RM_PV,1352-P_TH-0070.RM_PV,29/06/2016 6:14
4,POND14,1352-EB-0067.RM_PV,1352-F-0067.RM_PV,1352-P_A-0067.RM_PV,29/06/2016 6:14
4,POND18,1352-EB-00039.RM_PV,1352-F-00039.RM_PV,1352-P_TH-00039.RM_PV,15/06/2020 10:20
4,POND20,1352-EB-00034.RM_PV,1352-F-00034.RM_PV,1352-P_TH-00034.RM_PV,24/06/2020 4:21
4,POND4,1352-EB-0008.RM_PV,1352-F-0008.RM_PV,1352-P_TH-0008.RM_PV,29/06/2016 6:16
4,POND5,1352-EB-0001.RM_PV,1352-F-0001.RM_PV,1352-P_TH-0001.RM_PV,29/06/2016 6:17
4,POND6,1352-EB-0002.RM_PV,1352-F-0002.RM_PV,1352-P_TH-0002.RM_PV,29/06/2016 5:19
4,POND7,1352-EB-0025.RM_PV,1352-F-0025.RM_PV,1352-P_TH-0025.RM_PV,29/06/2016 6:19
4,POND8,1352-EB-00003.RM_PV,1352-F-00003.RM_PV,1352-P_TH-00003.RM_PV,21/07/2017 0:58
4,POND9,1352-EB-0009.RM_PV,1352-F-0009.RM_PV,1352-P_TH-0009.RM_PV,29/06/2016 6:22
4,PONDN1,1358-EB-0001.RM_PV,1358-F-0001.RM_PV,1358-P_TH-0001.RM_PV,29/06/2016 6:22
27,POOR2,1082-EB-0001.RM_PV,1082-F-0001.RM_PV,1082-P_TH-0001.RM_PV,13/08/2018 20:57
41,PSYC1,1123-EB-0001.RM_PV,1123-F-0001.RM_PV,1123-P_TH-0001.RM_PV,29/06/2016 5:02
41,PSYC2,1123-EB-0011.RM_PV,1123-F-0011.RM_PV,1123-P_TH-0011.RM_PV,29/06/2016 6:03
41,PSYC3,1123-EB-0013.RM_PV,1123-F-0013.RM_PV,1123-P_TH-0013.RM_PV,29/06/2016 5:03
41,PSYC4,1123-EB-0015.RM_PV,1123-F-0015.RM_PV,1123-P_TH-0015.RM_PV,29/06/2016 5:04
41,PSYC5,1123-EB-0017.RM_PV,1123-F-0017.RM_PV,1123-P_TH-0017.RM_PV,29/06/2016 5:05
41,PSYC6,1123-EB-0018.RM_PV,1123-F-0018.RM_PV,1123-P_TH-0018.RM_PV,29/06/2016 5:05
41,PSYC7,1123-EB-0037.RM_PV,1123-F-0037.RM_PV,1123-P_TH-0037.RM_PV,29/06/2016 5:07
42,QSR1,1127-EB-0004.RM_PV,1127-F-0004.RM_PV,1127-P_TH-0004.RM_PV,29/06/2016 5:46
42,QSREST1,1129-EB-0004.RM_PV,1129-F-0004.RM_PV,1129-P_TH-0004.RM_PV,29/06/2016 5:46
42,QSRSTH1,1128-EB-0004.RM_PV,1128-F-0004.RM_PV,1128-P_TH-0004.RM_PV,29/06/2016 5:47
23,RAFF1,1463-EB-0006.RM_PV,1463-F-0006.RM_PV,1463-P_TH-0006.RM_PV,29/06/2016 6:47
23,RAFNW1,1460-EB-00006.RM_PV,1460-F-00006.RM_PV,1460-P_TH-00006.RM_PV,5/08/2019 20:59
3,RANG1,1238-EB-00001.RM_PV,1238-F-00001.RM_PV,1238-P_TH-00001.RM_PV,6/10/2017 3:31
36,RAVE1,1022-EB-0001.RM_PV,1022-F-0001.RM_PV,1022-P_TH-0001.RM_PV,29/06/2016 6:18
36,RAVE2,1022-EB-0009.RM_PV,1022-F-0009.RM_PV,1022-P_TH-0009.RM_PV,29/06/2016 6:18
36,RAVE3,1022-EB-0015.RM_PV,1022-F-0015.RM_PV,1022-P_TH-0015.RM_PV,29/06/2016 6:19
36,RAVE4,1022-EB-0017.RM_PV,1022-F-0017.RM_PV,1022-P_TH-0017.RM_PV,29/06/2016 6:20
41,RAWOR1,1464-EB-0006.RM_PV,1464-F-0006.RM_PV,1464-P_TH-0006.RM_PV,29/06/2016 5:09
44,ROSE1,1130-EB-0001.RM_PV,1130-F-0001.RM_PV,1130-P_TH-0001.RM_PV,29/06/2016 5:50
41,ROTI1,1414-EB-0003.RM_PV,1414-F-0003.RM_PV,1414-P_TH-0003.RM_PV,29/06/2016 5:09
41,ROTI2L,1414-EB-0023.RM_PV,1414-F-0023.RM_PV,1414-P_TH-0023.RM_PV,29/06/2016 5:08
41,ROTI3,1414-EB-00085.RM_PV,1414-F-00085.RM_PV,1414-P_TH-00085.RM_PV,2/01/2018 0:51
41,ROTI4,1414-EB-0100.RM_PV,1414-F-0100.RM_PV,1414-P_TH-0100.RM_PV,29/06/2016 5:09
41,ROTI5,1414-EB-00015.RM_PV,1414-F-00015.RM_PV,1414-P_TH-00015.RM_PV,1/01/2018 11:30
41,ROTIW1,1424-EB-0001.RM_PV,1424-F-0001.RM_PV,1424-P_TH-0001.RM_PV,11/12/2017 8:14
41,ROTN1,1414-EB-01110.RM_PV,1414-F-01110.RM_PV,1414-P_TH-01110.RM_PV,24/09/2019 4:13
41,ROTN2,1414-EB-00111.RM_PV,1414-F-00111.RM_PV,1414-P_TH-00111.RM_PV,25/09/2019 4:35
41,ROTS1,1424-EB-00004.RM_PV,1424-F-00004.RM_PV,1424-P_TH-00004.RM_PV,5/07/2017 21:30
48,RUBY3,4111-EB-00002.RM_PV,4111-F-00002.RM_PV,4111-P_TH-00002.RM_PV,17/05/2021 1:17
46,SCRUB1,1359-EB-0002.RM_PV,1359-F-0002.RM_PV,1359-P_TH-0002.RM_PV,29/06/2016 5:23
36,SMEG1,1025-EB-0002.RM_PV,1025-F-0002.RM_PV,1025-P_TH-0002.RM_PV,29/06/2016 5:19
53,STKC1,1144-EB-0004.RM_PV,1144-F-0004.RM_PV,1144-P_TH-0004.RM_PV,29/06/2016 5:48
5,STKN1,1158-EB-0007.RM_PV,1158-F-0007.RM_PV,1158-P_TH-0007.RM_PV,29/06/2016 5:49
5,STKS10,1161-EB-0240.RM_PV,1161-F-0240.RM_PV,1161-P_TH-0240.RM_PV,29/06/2016 5:51
5,STKS11,1161-EB-0311.RM_PV,1161-F-0311.RM_PV,1161-P_TH-0311.RM_PV,29/06/2016 5:52
5,STKS12,1161-EB-0291.RM_PV,1161-F-0291.RM_PV,1161-P_TH-0291.RM_PV,29/06/2016 5:53
5,STKS2L,1161-EB-0006.RM_PV,1161-F-0006.RM_PV,1161-P_TH-0006.RM_PV,29/06/2016 5:54
5,STKS6,1161-EB-0158.RM_PV,1161-F-0158.RM_PV,1161-P_TH-0158.RM_PV,29/06/2016 5:58
5,STKS7,1161-EB-0171.RM_PV,1161-F-0171.RM_PV,1161-P_TH-0171.RM_PV,29/06/2016 5:59
5,STKS8,1161-EB-0191.RM_PV,1161-F-0191.RM_PV,1161-P_TH-0191.RM_PV,29/06/2016 5:59
5,STKS9,1161-EB-0209.RM_PV,1161-F-0209.RM_PV,1161-P_TH-0209.RM_PV,29/06/2016 5:00
24,STRZ14,1280-EB-0480.RM_PV,1280-F-0480.RM_PV,1280-P_TH-0480.RM_PV,29/06/2016 5:17
27,STRZ15,1280-EB-8191.RM_PV,1280-F-8191.RM_PV,1280-P_TH-8191.RM_PV,29/06/2016 5:18
27,STRZ23,1285-EB-00010.RM_PV,1285-F-00010.RM_PV,1285-P_TH-00010.RM_PV,20/03/2018 2:16
27,STRZ25,1280-EB-8189.RM_PV,1280-F-8189.RM_PV,1280-P_TH-8189.RM_PV,29/06/2016 5:20
27,STRZ3,1280-EB-8190.RM_PV,1280-F-8190.RM_PV,1280-P_TH-8190.RM_PV,29/06/2016 5:21
24,STRZ31,1280-EB-00014.RM_PV,1280-F-00014.RM_PV,1280-P_TH-00014.RM_PV,29/06/2016 5:24
24,STRZ33,1280-EB-00038.RM_PV,1280-F-00038.RM_PV,1280-P_TH-00038.RM_PV,19/08/2019 4:27
24,STRZ5,1280-EB-0478.RM_PV,1280-F-0478.RM_PV,1280-P_TH-0478.RM_PV,29/06/2016 5:25
24,STRZNE1,1280-EB-8214.RM_PV,1280-F-8214.RM_PV,1280-P_TH-8214.RM_PV,29/06/2016 5:26
18,SURL1,1426-EB-0001.RM_PV,1426-F-0001.RM_PV,1426-P_TH-0001.RM_PV,29/06/2016 5:10
18,SURL2,1426-EB-0005.RM_PV,1426-F-0005.RM_PV,1426-P_TH-0005.RM_PV,29/06/2016 5:11
50,SWAN10,1243-EB-0009.RM_PV,1243-F-0009.RM_PV,1243-P_TH-0009.RM_PV,29/06/2016 5:07
43,SWAN12,1243-EB-00022.RM_PV,1243-F-00022.RM_PV,1243-P_TH-00022.RM_PV,25/01/2020 3:25
44,SWAN13,1243-EB-0098.RM_PV,1243-F-0098.RM_PV,1243-P_TH-0098.RM_PV,29/06/2016 5:03
44,SWAN14,1243-EB-0152.RM_PV,1243-F-0152.RM_PV,1243-P_TH-0152.RM_PV,29/06/2016 5:05
44,SWAN15,1243-EB-0164.RM_PV,1243-F-0164.RM_PV,1243-P_TH-0164.RM_PV,29/06/2016 5:06
44,SWAN16,1243-EB-0169.RM_PV,1243-F-0169.RM_PV,1243-P_TH-0169.RM_PV,29/06/2016 5:08
44,SWAN2,1243-EB-0002.RM_PV,1243-F-0002.RM_PV,1243-P_TH-0002.RM_PV,29/06/2016 5:10
44,SWAN3,1243-EB-0003.RM_PV,1243-F-0003.RM_PV,1243-P_TH-0003.RM_PV,27/07/2016 4:00
43,SWAN4,1243-EB-0004.RM_PV,1243-F-0004.RM_PV,1243-P_TH-0004.RM_PV,29/06/2016 5:11
43,SWAN5,1243-EB-0005.RM_PV,1243-F-0005.RM_PV,1243-P_TH-0005.RM_PV,29/06/2016 5:12
43,SWAN6,1243-EB-0006.RM_PV,1243-F-0006.RM_PV,1243-P_TH-0006.RM_PV,29/06/2016 5:13
43,SWAN7,1243-EB-0007.RM_PV,1243-F-0007.RM_PV,1243-P_TH-0007.RM_PV,29/06/2016 5:09
43,SWAN8,1243-EB-0011.RM_PV,1243-F-0011.RM_PV,1243-P_TH-0011.RM_PV,29/06/2016 5:10
43,SWAN9,1243-EB-0008.RM_PV,1243-F-0008.RM_PV,1243-P_TH-0008.RM_PV,29/06/2016 5:10
46,TALL1,1311-EB-0002.RM_PV,1311-F-0002.RM_PV,1311-P_TH-0002.RM_PV,29/06/2016 6:24
46,TALL2,1311-EB-0001.RM_PV,1311-F-0001.RM_PV,1311-P_TH-0001.RM_PV,29/06/2016 5:24
42,TARO1,4213-EB-0001.RM_PV,4213-F-0001.RM_PV,4213-P_TH-0001.RM_PV,29/06/2016 5:13
15,TART1,1434-EB-0002.RM_PV,1434-F-0002.RM_PV,1434-P_TH-0002.RM_PV,29/06/2016 5:09
15,TART2,1434-EB-0004.RM_PV,1434-F-0004.RM_PV,1434-P_TH-0004.RM_PV,29/06/2016 5:10
15,TART3,1434-EB-0003.RM_PV,1434-F-0003.RM_PV,1434-P_TH-0003.RM_PV,29/06/2016 5:10
15,TART4,1434-EB-0001.RM_PV,1434-F-0001.RM_PV,1434-P_TH-0001.RM_PV,29/06/2016 5:11
15,TART6,1434-EB-0005.RM_PV,1434-F-0005.RM_PV,1434-P_TH-0005.RM_PV,29/06/2016 5:12
15,TART9,1434-EB-00022.RM_PV,1434-F-00022.RM_PV,1434-P_TH-00022.RM_PV,23/06/2020 6:12
11,TARW1,1151-EB-00060.RM_PV,1151-F-00060.RM_PV,1151-P_TH-00060.RM_PV,4/01/2020 1:06
11,TARW3,1151-EB-0002.RM_PV,1151-F-0002.RM_PV,1151-P_TH-0002.RM_PV,29/06/2016 5:02
11,TARW5,1151-EB-0007.RM_PV,1151-F-0007.RM_PV,1151-P_TH-0007.RM_PV,29/06/2016 5:02
11,TARW6,1151-EB-00061.RM_PV,1151-F-00061.RM_PV,1151-P_TH-00061.RM_PV,31/05/2021 4:31
11,TARW7,1157-EB-00030.RM_PV,1157-F-00030.RM_PV,1157-P_TH-00030.RM_PV,28/06/2021 5:03
46,TAYLS1,1356-EB-0001.RM_PV,1356-F-0001.RM_PV,1356-P_TH-0001.RM_PV,29/06/2016 5:24
5,TELS1,1159-EB-0003.RM_PV,1159-F-0003.RM_PV,1159-P_TH-0003.RM_PV,29/06/2016 5:03
5,TELSTH1,1142-EB-0004.RM_PV,1142-F-0004.RM_PV,1142-P_TH-0004.RM_PV,30/06/2016 10:03
23,THETA1,4110-EB-0002.RM_PV,4110-F-0002.RM_PV,4110-P_TH-0002.RM_PV,29/06/2016 4:56
23,THETA2,4110-EB-0004.RM_PV,4110-F-0004.RM_PV,4110-P_TH-0004.RM_PV,29/06/2016 4:59
23,THOA2,4108-EB-0008.RM_PV,4108-F-0008.RM_PV,4108-P_TH-0008.RM_PV,29/06/2016 5:05
23,THOAR3,4108-EB-0011.RM_PV,4108-F-0011.RM_PV,4108-P_TH-0011.RM_PV,29/06/2016 5:08
23,THOAR4,4108-EB-0013.RM_PV,4108-F-0013.RM_PV,4108-P_TH-0013.RM_PV,29/06/2016 5:13
42,THUR1,1179-EB-1217.RM_PV,1179-F-1217.RM_PV,1179-P_TH-1217.RM_PV,29/06/2016 6:14
42,THUR3,1179-EB-0006.RM_PV,1179-F-0006.RM_PV,1179-P_TH-0006.RM_PV,29/06/2016 5:17
42,THUR4,1179-EB-00020.RM_PV,1179-F-00020.RM_PV,1179-P_TH-00020.RM_PV,17/07/2017 1:16
12,TILLA1,1482-EB-00001.RM_PV,1482-F-00001.RM_PV,1482-P_TH-00001.RM_PV,8/12/2019 4:13
46,TIND10,1024-EB-0017.RM_PV,1024-F-0017.RM_PV,1024-P_TH-0017.RM_PV,29/06/2016 5:20
46,TIND11,1024-EB-0062.RM_PV,1024-F-0062.RM_PV,1024-P_TH-0062.RM_PV,29/06/2016 5:20
17,TIND12,1024-EB-0055.RM_PV,1024-F-0055.RM_PV,1024-P_TH-0055.RM_PV,29/06/2016 5:21
17,TIND3,1024-EB-0001.RM_PV,1024-F-0001.RM_PV,1024-P_TH-0001.RM_PV,29/06/2016 5:23
17,TIND4,1024-EB-0002.RM_PV,1024-F-0002.RM_PV,1024-P_TH-0002.RM_PV,29/06/2016 5:23
17,TIND6,1024-EB-0006.RM_PV,1024-F-0006.RM_PV,1024-P_TH-0006.RM_PV,29/06/2016 5:24
17,TIND7,1024-EB-0014.RM_PV,1024-F-0014.RM_PV,1024-P_TH-0014.RM_PV,29/06/2016 5:25
17,TIND8,1024-EB-0015.RM_PV,1024-F-0015.RM_PV,1024-P_TH-0015.RM_PV,29/06/2016 5:26
17,TIND9,1024-EB-0016.RM_PV,1024-F-0016.RM_PV,1024-P_TH-0016.RM_PV,29/06/2016 5:26
41,TIRR40_U,1180-EB-8447.RM_PV,1180-F-8447.RM_PV,1180-P_TH-8447.RM_PV,30/11/2018 6:13
25,TIRRA1,1180-EB-8979.RM_PV,1180-F-8979.RM_PV,1180-P_TH-8979.RM_PV,29/06/2016 5:12
42,TIRRA12,1180-EB-10022.RM_PV,1180-F-10022.RM_PV,1180-P_TH-10022.RM_PV,29/06/2016 6:04
42,TIRRA13,1180-EB-8323.RM_PV,1180-F-8323.RM_PV,1180-P_TH-8323.RM_PV,29/06/2016 6:10
41,TIRRA14,1180-EB-9701.RM_PV,1180-F-9701.RM_PV,1180-P_TH-9701.RM_PV,29/06/2016 5:13
42,TIRRA15,1180-EB-8480.RM_PV,1180-F-8480.RM_PV,1180-P_TH-8480.RM_PV,29/06/2016 6:11
47,TIRRA16,1180-EB-9212.RM_PV,1180-F-9212.RM_PV,1180-P_TH-9212.RM_PV,29/06/2016 6:05
25,TIRRA17,1180-EB-8354.RM_PV,1180-F-8354.RM_PV,1180-P_TH-8354.RM_PV,29/06/2016 5:14
46,TIRRA18,1180-EB-10786.RM_PV,1180-F-10786.RM_PV,1180-P_TH-10786.RM_PV,29/06/2016 6:12
25,TIRRA20,1180-EB-0023.RM_PV,1180-F-0023.RM_PV,1180-P_TH-0023.RM_PV,29/06/2016 6:06
42,TIRRA21,1180-EB-9213.RM_PV,1180-F-9213.RM_PV,1180-P_TH-9213.RM_PV,29/06/2016 6:06
47,TIRRA22,1180-EB-8385.RM_PV,1180-F-8385.RM_PV,1180-P_TH-8385.RM_PV,29/06/2016 5:16
47,TIRRA23,1180-EB-10794.RM_PV,1180-F-10794.RM_PV,1180-P_TH-10794.RM_PV,29/06/2016 5:15
42,TIRRA25,1180-EB-10050.RM_PV,1180-F-10050.RM_PV,1180-P_TH-10050.RM_PV,29/06/2016 5:15
42,TIRRA27,1180-EB-8996.RM_PV,1180-F-8996.RM_PV,1180-P_TH-8996.RM_PV,29/06/2016 21:14
42,TIRRA28,1180-EB-8450.RM_PV,1180-F-8450.RM_PV,1180-P_TH-8450.RM_PV,29/06/2016 5:16
42,TIRRA2L,1180-EB-9210.RM_PV,1180-F-9210.RM_PV,1180-P_TH-9210.RM_PV,29/06/2016 6:08
42,TIRRA2U,1180-EB-8986.RM_PV,1180-F-8986.RM_PV,1180-P_TH-8986.RM_PV,29/06/2016 5:15
42,TIRRA30,1180-EB-9214.RM_PV,1180-F-9214.RM_PV,1180-P_TH-9214.RM_PV,29/06/2016 6:09
25,TIRRA31,1180-EB-9238.RM_PV,1180-F-9238.RM_PV,1180-P_TH-9238.RM_PV,29/06/2016 6:10
42,TIRRA32L,1180-EB-9241.RM_PV,1180-F-9241.RM_PV,1180-P_TH-9241.RM_PV,29/06/2016 6:11
25,TIRRA34,1180-EB-8452.RM_PV,1180-F-8452.RM_PV,1180-P_TH-8452.RM_PV,29/06/2016 5:18
42,TIRRA36,1180-EB-9216.RM_PV,1180-F-9216.RM_PV,1180-P_TH-9216.RM_PV,29/06/2016 6:12
42,TIRRA38,1180-EB-8486.RM_PV,1180-F-8486.RM_PV,1180-P_TH-8486.RM_PV,29/06/2016 6:16
25,TIRRA39,1180-EB-8453.RM_PV,1180-F-8453.RM_PV,1180-P_TH-8453.RM_PV,29/06/2016 5:19
25,TIRRA43L,1180-EB-9145.RM_PV,1180-F-9145.RM_PV,1180-P_TH-9145.RM_PV,29/06/2016 6:19
25,TIRRA43U,1180-EB-8449.RM_PV,1180-F-8449.RM_PV,1180-P_TH-8449.RM_PV,29/06/2016 5:17
42,TIRRA44,1180-EB-9240.RM_PV,1180-F-9240.RM_PV,1180-P_TH-9240.RM_PV,29/06/2016 6:13
25,TIRRA47,1180-EB-8443.RM_PV,1180-F-8443.RM_PV,1180-P_TH-8443.RM_PV,29/06/2016 5:21
42,TIRRA48,1180-EB-8489.RM_PV,1180-F-8489.RM_PV,1180-P_TH-8489.RM_PV,29/06/2016 6:21
25,TIRRA49,1180-EB-9217.RM_PV,1180-F-9217.RM_PV,1180-P_TH-9217.RM_PV,29/06/2016 6:14
31,TIRRA4L,1180-EB-00281.RM_PV,1180-F-00281.RM_PV,1180-P_TH-00281.RM_PV,17/10/2018 4:18
25,TIRRA50,1180-EB-8492.RM_PV,1180-F-8492.RM_PV,1180-P_TH-8492.RM_PV,29/06/2016 6:14
42,TIRRA52,1180-EB-9008.RM_PV,1180-F-9008.RM_PV,1180-P_TH-9008.RM_PV,29/06/2016 6:15
25,TIRRA53,1180-EB-9731.RM_PV,1180-F-9731.RM_PV,1180-P_TH-9731.RM_PV,29/06/2016 6:16
42,TIRRA57,1180-EB-10056.RM_PV,1180-F-10056.RM_PV,1180-P_TH-10056.RM_PV,29/06/2016 5:19
25,TIRRA58,1180-EB-8444.RM_PV,1180-F-8444.RM_PV,1180-P_TH-8444.RM_PV,29/06/2016 5:22
25,TIRRA61,1180-EB-9237.RM_PV,1180-F-9237.RM_PV,1180-P_TH-9237.RM_PV,29/06/2016 6:23
25,TIRRA63,1180-EB-9230.RM_PV,1180-F-9230.RM_PV,1180-P_TH-9230.RM_PV,29/06/2016 6:18
42,TIRRA65,1180-EB-9218.RM_PV,1180-F-9218.RM_PV,1180-P_TH-9218.RM_PV,29/06/2016 6:18
25,TIRRA67,1180-EB-9236.RM_PV,1180-F-9236.RM_PV,1180-P_TH-9236.RM_PV,26/09/2018 0:30
47,TIRRA70,1180-EB-8359.RM_PV,1180-F-8359.RM_PV,1180-P_TH-8359.RM_PV,29/06/2016 5:23
42,TIRRA74,1180-EB-10870.RM_PV,1180-F-10870.RM_PV,1180-P_TH-10870.RM_PV,29/06/2016 5:22
42,TIRRA75,1180-EB-10880.RM_PV,1180-F-10880.RM_PV,1180-P_TH-10880.RM_PV,29/06/2016 5:23
42,TIRRA76,1180-EB-9222.RM_PV,1180-F-9222.RM_PV,1180-P_TH-9222.RM_PV,29/06/2016 5:22
42,TIRRA78,1180-EB-8723.RM_PV,1180-F-8723.RM_PV,1180-P_TH-8723.RM_PV,29/06/2016 5:10
42,TIRRA79,1180-EB-8728.RM_PV,1180-F-8728.RM_PV,1180-P_TH-8728.RM_PV,29/06/2016 5:10
42,TIRRA80,1180-EB-8733.RM_PV,1180-F-8733.RM_PV,1180-P_TH-8733.RM_PV,29/06/2016 5:11
25,TIRRA81,1180-EB-11232.RM_PV,1180-F-11232.RM_PV,1180-P_TH-11232.RM_PV,29/06/2016 5:13
42,TIRRA82,1180-EB-11224.RM_PV,1180-F-11224.RM_PV,1180-P_TH-11224.RM_PV,29/06/2016 5:14
42,TIRRA83,1180-EB-11218.RM_PV,1180-F-11218.RM_PV,1180-P_TH-11218.RM_PV,29/06/2016 5:15
42,TIRRA84,1180-EB-00048.RM_PV,1180-F-00048.RM_PV,1180-P_TH-00048.RM_PV,29/06/2016 5:17
25,TIRRA85,1180-EB-00056.RM_PV,1180-F-00056.RM_PV,1180-P_TH-00056.RM_PV,29/06/2016 5:18
35,TIRRA86,1180-EB-00067.RM_PV,1180-F-00067.RM_PV,1180-P_TH-00067.RM_PV,29/06/2016 5:19
38,TIRRA87,1180-EB-00074.RM_PV,1180-F-00074.RM_PV,1180-P_TH-00074.RM_PV,29/06/2016 5:21
42,TIRRA88,1180-EB-00085.RM_PV,1180-F-00085.RM_PV,1180-P_TH-00085.RM_PV,29/06/2016 5:22
35,TIRRA89,1180-EB-00228.RM_PV,1180-F-00228.RM_PV,1180-P_TH-00228.RM_PV,7/05/2018 5:09
42,TIRRA8L,1180-EB-9211.RM_PV,1180-F-9211.RM_PV,1180-P_TH-9211.RM_PV,29/06/2016 6:23
42,TIRRA8U,1180-EB-8445.RM_PV,1180-F-8445.RM_PV,1180-P_TH-8445.RM_PV,29/06/2016 5:25
35,TIRRA90,1180-EB-00241.RM_PV,1180-F-00241.RM_PV,1180-P_TH-00241.RM_PV,14/03/2017 4:04
38,TIRRA91,1180-EB-00246.RM_PV,1180-F-00246.RM_PV,1180-P_TH-00246.RM_PV,7/02/2017 4:25
38,TIRRA92,1180-EB-00254.RM_PV,1180-F-00254.RM_PV,1180-P_TH-00254.RM_PV,7/02/2017 4:26
30,TIRRA93,1180-EB-00270.RM_PV,1180-F-00270.RM_PV,1180-P_TH-00270.RM_PV,7/11/2016 22:27
42,TIRRA94,1180-EB-00279.RM_PV,1180-F-00279.RM_PV,1180-P_TH-00279.RM_PV,2/08/2018 6:12
42,TIRRA9U,1180-EB-8446.RM_PV,1180-F-8446.RM_PV,1180-P_TH-8446.RM_PV,29/06/2016 5:24
42,TIRRW1,1180-EB-9234.RM_PV,1180-F-9234.RM_PV,1180-P_TH-9234.RM_PV,29/06/2016 6:24
22,TOBY1,5400-EB-0038.RM_PV,5400-F-0038.RM_PV,5400-P_TH-0038.RM_PV,29/06/2016 5:50
22,TOBY2,5400-EB-00002.RM_PV,5400-F-00002.RM_PV,5400-P_TH-00002.RM_PV,29/06/2016 4:59
12,TOLT1,1481-EB-00230.RM_PV,1481-F-00230.RM_PV,1481-P_TH-00230.RM_PV,5/02/2020 3:13
11,TOLW1,1148-EB-0001.RM_PV,1148-F-0001.RM_PV,1148-P_TH-0001.RM_PV,29/06/2016 5:04
27,TOOL1,1150-EB-8572.RM_PV,1150-F-8572.RM_PV,1150-P_TH-8572.RM_PV,29/06/2016 5:06
27,TOOL14U,1150-EB-8592.RM_PV,1150-F-8592.RM_PV,1150-P_TH-8592.RM_PV,29/06/2016 5:07
27,TOOL15,1150-EB-8600.RM_PV,1150-F-8600.RM_PV,1150-P_TH-8600.RM_PV,29/06/2016 5:08
27,TOOL16,1150-EB-8607.RM_PV,1150-F-8607.RM_PV,1150-P_TH-8607.RM_PV,29/06/2016 5:08
27,TOOL18,1150-EB-8645.RM_PV,1150-F-8645.RM_PV,1150-P_TH-8645.RM_PV,29/06/2016 5:10
27,TOOL28U,1150-EB-8646.RM_PV,1150-F-8646.RM_PV,1150-P_TH-8646.RM_PV,29/06/2016 5:11
27,TOOL29,1150-EB-8532.RM_PV,1150-F-8532.RM_PV,1150-P_TH-8532.RM_PV,29/06/2016 5:12
27,TOOL3,1150-EB-8644.RM_PV,1150-F-8644.RM_PV,1150-P_TH-8644.RM_PV,29/06/2016 5:12
11,TOOL30,1150-EB-8917.RM_PV,1150-F-8917.RM_PV,1150-P_TH-8917.RM_PV,29/06/2016 5:14
11,TOOL31,1150-EB-8667.RM_PV,1150-F-8667.RM_PV,1150-P_TH-8667.RM_PV,29/06/2016 5:14
27,TOOL33,1150-EB-8533.RM_PV,1150-F-8533.RM_PV,1150-P_TH-8533.RM_PV,29/06/2016 5:16
0,TOOL34,1150-EB-8534.RM_PV,1150-F-8534.RM_PV,1150-P_TH-8534.RM_PV,29/06/2016 5:16
11,TOOL36,1150-EB-8647.RM_PV,1150-F-8647.RM_PV,1150-P_TH-8647.RM_PV,29/06/2016 5:16
27,TOOL38,1150-EB-8513.RM_PV,1150-F-8513.RM_PV,1150-P_TH-8513.RM_PV,29/06/2016 5:17
37,TOOL41L,1150-EB-8648.RM_PV,1150-F-8648.RM_PV,1150-P_TH-8648.RM_PV,29/06/2016 5:19
37,TOOL43,1150-EB-8650.RM_PV,1150-F-8650.RM_PV,1150-P_TH-8650.RM_PV,29/06/2016 5:20
11,TOOL47,1150-EB-8614.RM_PV,1150-F-8614.RM_PV,1150-P_TH-8614.RM_PV,29/06/2016 5:23
37,TOOL5,1150-EB-0928.RM_PV,1150-F-0928.RM_PV,1150-P_TH-0928.RM_PV,29/06/2016 5:24
37,TOOL50,1150-EB-8662.RM_PV,1150-F-8662.RM_PV,1150-P_TH-8662.RM_PV,29/06/2016 5:24
37,TOOL51,1150-EB-8652.RM_PV,1150-F-8652.RM_PV,1150-P_TH-8652.RM_PV,29/06/2016 5:24
37,TOOL52,1150-EB-00078.RM_PV,1150-F-00078.RM_PV,1150-P_TH-00078.RM_PV,26/08/2019 1:28
11,TOOL53,1150-EB-00037.RM_PV,1150-F-00037.RM_PV,1150-P_TH-00037.RM_PV,26/04/2017 6:14
11,TOOL54,1150-EB-00065.RM_PV,1150-F-00065.RM_PV,1150-P_TH-00065.RM_PV,26/04/2017 5:51
11,TOOL55,1150-EB-00097.RM_PV,1150-F-00097.RM_PV,1150-P_TH-00097.RM_PV,20/08/2020 4:28
27,TOOL56,1150-EB-00090.RM_PV,1150-F-00090.RM_PV,1150-P_TH-00090.RM_PV,10/10/2020 21:25
42,TOUR1,4212-EB-0001.RM_PV,4212-F-0001.RM_PV,4212-P_TH-0001.RM_PV,29/06/2016 5:20
12,UTE1,1481-EB-00180.RM_PV,1481-F-00180.RM_PV,1481-P_TH-00180.RM_PV,14/01/2020 9:45
6,VARA1,1201-EB-0007.RM_PV,1201-F-0007.RM_PV,1201-P_TH-0007.RM_PV,29/06/2016 6:25
6,VARA2,1201-EB-0009.RM_PV,1201-F-0009.RM_PV,1201-P_TH-0009.RM_PV,29/06/2016 5:24
6,VARA4,1201-EB-00015.RM_PV,1201-F-00015.RM_PV,1201-P_TH-00015.RM_PV,10/05/2018 21:25
6,VARSTH1,1143-EB-0002.RM_PV,1143-F-0002.RM_PV,1143-P_TH-0002.RM_PV,29/06/2016 5:25
6,VARSTH2,1143-EB-00012.RM_PV,1143-F-00012.RM_PV,1143-P_TH-00012.RM_PV,13/04/2018 2:30
17,VATORE1,1027-EB-0007.RM_PV,1027-F-0007.RM_PV,1027-P_TH-0007.RM_PV,29/06/2016 5:28
16,VEGA1,1443-EB-0024.RM_PV,1443-F-0024.RM_PV,1443-P_TH-0024.RM_PV,29/06/2016 5:12
16,VEGA2,1443-EB-0004.RM_PV,1443-F-0004.RM_PV,1443-P_TH-0004.RM_PV,29/06/2016 5:13
16,VEGA3,1443-EB-0048.RM_PV,1443-F-0048.RM_PV,1443-P_TH-0048.RM_PV,29/06/2016 5:13
16,VEGA4,1443-EB-0056.RM_PV,1443-F-0056.RM_PV,1443-P_TH-0056.RM_PV,29/06/2016 5:14
16,VEGA5,1443-EB-0057.RM_PV,1443-F-0057.RM_PV,1443-P_TH-0057.RM_PV,29/06/2016 5:15
16,VEGA6,1443-EB-00190.RM_PV,1443-F-00190.RM_PV,1443-P_TH-00190.RM_PV,16/02/2020 8:34
16,VEGAN2,1444-EB-00190.RM_PV,1444-F-00190.RM_PV,1444-P_TH-00190.RM_PV,6/12/2019 20:00
33,WARE1,1485-EB-0002.RM_PV,1485-F-0002.RM_PV,1485-P_TH-0002.RM_PV,29/06/2016 5:25
33,WARE5,1485-EB-0013.RM_PV,1485-F-0013.RM_PV,1485-P_TH-0013.RM_PV,29/06/2016 5:28
42,WAUK1,1173-EB-0003.RM_PV,1173-F-0003.RM_PV,1173-P_TH-0003.RM_PV,29/06/2016 6:22
42,WAUK2,1173-EB-0002.RM_PV,1173-F-0002.RM_PV,1173-P_TH-0002.RM_PV,29/06/2016 5:22
42,WAUK3,1173-EB-0048.RM_PV,1173-F-0048.RM_PV,1173-P_TH-0048.RM_PV,29/06/2016 5:23
42,WAUK4,1173-EB-0055.RM_PV,1173-F-0055.RM_PV,1173-P_TH-0055.RM_PV,29/06/2016 5:25
42,WAUK5,1173-EB-0041.RM_PV,1173-F-0041.RM_PV,1173-P_TH-0041.RM_PV,29/06/2016 5:27
41,WDG1,1430-EB-0003.RM_PV,1430-F-0003.RM_PV,1430-P_TH-0003.RM_PV,29/06/2016 5:17
40,WELTN1,1446-EB-0004.RM_PV,1446-F-0004.RM_PV,1446-P_TH-0004.RM_PV,29/06/2016 5:17
41,WELTN4,1446-EB-0042.RM_PV,1446-F-0042.RM_PV,1446-P_TH-0042.RM_PV,29/06/2016 5:19
44,WEL_E1,1208-EB-0001.RM_PV,1208-F-0001.RM_PV,1208-P_TH-0001.RM_PV,29/06/2016 5:28
25,WHAN1,1469-EB-0001.RM_PV,1469-F-0001.RM_PV,1469-P_TH-0001.RM_PV,29/06/2016 5:08
25,WHAN2,1469-EB-0016.RM_PV,1469-F-0016.RM_PV,1469-P_TH-0016.RM_PV,20/01/2017 20:30
25,WHAN3,1469-EB-000026.RM_PV,1469-F-000026.RM_PV,1469-P_TH-000026.RM_PV,17/01/2017 20:30
25,WHAN4,1469-EB-00021.RM_PV,1469-F-00021.RM_PV,1469-P_TH-00021.RM_PV,16/02/2017 22:10
25,WHAN5,1469-EB-00051.RM_PV,1469-F-00051.RM_PV,1469-P_TH-00051.RM_PV,30/11/2019 1:18
25,WHASW1,5400-EB-00008.RM_PV,5400-F-00008.RM_PV,5400-P_TH-00008.RM_PV,23/01/2017 20:30
41,WINA1,1439-EB-0001.RM_PV,1439-F-0001.RM_PV,1439-P_TH-0001.RM_PV,29/06/2016 5:19
12,WINAN1,1442-EB-0006.RM_PV,1442-F-0006.RM_PV,1442-P_TH-0006.RM_PV,29/06/2016 5:20
12,WINAN2,1442-EB-0001.RM_PV,1442-F-0001.RM_PV,1442-P_TH-0001.RM_PV,29/06/2016 5:21
12,WINAN3,1442-EB-0002.RM_PV,1442-F-0002.RM_PV,1442-P_TH-0002.RM_PV,29/06/2016 6:22
12,WINAN4,1442-EB-0007.RM_PV,1442-F-0007.RM_PV,1442-P_TH-0007.RM_PV,29/06/2016 5:22
41,WINAS1,1439-EB-0006.RM_PV,1439-F-0006.RM_PV,1439-P_TH-0006.RM_PV,29/06/2016 5:23
41,WIND3,1430-EB-00020.RM_PV,1430-F-00020.RM_PV,1430-P_TH-00020.RM_PV,14/06/2017 3:28
15,WIPPO1,1411-EB-0004.RM_PV,1411-F-0004.RM_PV,1411-P_TH-0004.RM_PV,16/09/2017 22:17
15,WIPPOE1,1423-EB-0001.RM_PV,1423-F-0001.RM_PV,1423-P_TH-0001.RM_PV,29/06/2016 5:14
15,WIPPOS1,1411-EB-0028.RM_PV,1411-F-0028.RM_PV,1411-P_TH-0028.RM_PV,29/06/2016 5:13
15,WIPPOS2,1411-EB-00022.RM_PV,1411-F-00022.RM_PV,1411-P_TH-00022.RM_PV,4/02/2021 8:14
36,WIRE1,1164-EB-0003.RM_PV,1164-F-0003.RM_PV,1164-P_TH-0003.RM_PV,29/06/2016 5:29
42,WKT10,1404-EB-0059.RM_PV,1404-F-0059.RM_PV,1404-P_TH-0059.RM_PV,29/06/2016 5:14
42,WKT12,1404-EB-0173.RM_PV,1404-F-0173.RM_PV,1404-P_TH-0173.RM_PV,29/06/2016 5:23
42,WKT14,1404-EB-0207.RM_PV,1404-F-0207.RM_PV,1404-P_TH-0207.RM_PV,29/06/2016 5:15
42,WKT15,1404-EB-0212.RM_PV,1404-F-0212.RM_PV,1404-P_TH-0212.RM_PV,29/06/2016 5:16
43,WKT17,1404-EB-00011.RM_PV,1404-F-00011.RM_PV,1404-P_TH-00011.RM_PV,24/05/2018 14:19
43,WKT19,1404-EB-00116.RM_PV,1404-F-00116.RM_PV,1404-P_TH-00116.RM_PV,16/12/2019 21:18
43,WKT20,1404-EB-00121.RM_PV,1404-F-00121.RM_PV,1404-P_TH-00121.RM_PV,16/12/2019 21:19
51,WKT3,1404-EB-0010.RM_PV,1404-F-0010.RM_PV,1404-P_TH-0010.RM_PV,29/06/2016 5:16
42,WKT4,1404-EB-0023.RM_PV,1404-F-0023.RM_PV,1404-P_TH-0023.RM_PV,1/07/2016 0:17
43,WKT5,1404-EB-00137.RM_PV,1404-F-00137.RM_PV,1404-P_TH-00137.RM_PV,21/09/2020 1:36
43,WKT6,1404-EB-0082.RM_PV,1404-F-0082.RM_PV,1404-P_TH-0082.RM_PV,29/06/2016 5:24
42,WKT9,1404-EB-0046.RM_PV,1404-F-0046.RM_PV,1404-P_TH-0046.RM_PV,29/06/2016 5:17
50,WKTE1,1404-EB-00073.RM_PV,1404-F-00073.RM_PV,1404-P_TH-00073.RM_PV,8/12/2019 20:55
43,WKTS,1404-EB-00096.RM_PV,1404-F-00096.RM_PV,1404-P_TH-00096.RM_PV,11/12/2019 7:23
44,WOLG1,1121-EB-0003.RM_PV,1121-F-0003.RM_PV,1121-P_TH-0003.RM_PV,29/06/2016 5:14
44,WOLG2,1121-EB-0019.RM_PV,1121-F-0019.RM_PV,1121-P_TH-0019.RM_PV,29/06/2016 5:17
44,WOLG3,1121-EB-0059.RM_PV,1121-F-0059.RM_PV,1121-P_TH-0059.RM_PV,29/06/2016 5:19
44,WOLG6,1121-EB-0065.RM_PV,1121-F-0065.RM_PV,1121-P_TH-0065.RM_PV,29/06/2016 5:25
48,WOOLK2,1320-EB-0026.RM_PV,1320-F-0026.RM_PV,1320-P_TH-0026.RM_PV,29/06/2016 5:25
40,WOOLK3,1320-EB-00006.RM_PV,1320-F-00006.RM_PV,1320-P_TH-00006.RM_PV,12/03/2022 21:30
17,YALC2,1196-EB-00001.RM_PV,1196-F-00001.RM_PV,1196-P_TH-00001.RM_PV,2/05/2018 4:30
35,YAN10L,1021-EB-0097.RM_PV,1021-F-0097.RM_PV,1021-P_TH-0097.RM_PV,29/06/2016 5:18
35,YAN10U,1021-EB-0087.RM_PV,1021-F-0087.RM_PV,1021-P_TH-0087.RM_PV,29/06/2016 5:18
3,YAN13,1021-EB-0232.RM_PV,1021-F-0232.RM_PV,1021-P_TH-0232.RM_PV,29/06/2016 5:19
3,YAN1L,1021-EB-0077.RM_PV,1021-F-0077.RM_PV,1021-P_TH-0077.RM_PV,29/06/2016 5:20
3,YAN1U,1021-EB-0067.RM_PV,1021-F-0067.RM_PV,1021-P_TH-0067.RM_PV,29/06/2016 5:20
3,YAN2L,1021-EB-0017.RM_PV,1021-F-0017.RM_PV,1021-P_TH-0017.RM_PV,29/06/2016 5:22
3,YAN2U,1021-EB-0007.RM_PV,1021-F-0007.RM_PV,1021-P_TH-0007.RM_PV,29/06/2016 5:22
3,YAN4L,1021-EB-0037.RM_PV,1021-F-0037.RM_PV,1021-P_TH-0037.RM_PV,29/06/2016 5:22
3,YAN4U,1021-EB-0027.RM_PV,1021-F-0027.RM_PV,1021-P_TH-0027.RM_PV,29/06/2016 5:23
3,YAN8L,1021-EB-0214.RM_PV,1021-F-0214.RM_PV,1021-P_TH-0214.RM_PV,29/06/2016 5:23
2,YANS1,1021-EB-00048.RM_PV,1021-F-00048.RM_PV,1021-P_TH-00048.RM_PV,9/03/2021 9:29
17,YARSTH1,1143-EB-0004.RM_PV,1143-F-0004.RM_PV,1143-P_TH-0004.RM_PV,29/06/2016 5:26
18,YAWA1,1413-EB-0007.RM_PV,1413-F-0007.RM_PV,1413-P_TH-0007.RM_PV,29/06/2016 5:24
18,YAWA2,1413-EB-0031.RM_PV,1413-F-0031.RM_PV,1413-P_TH-0031.RM_PV,29/06/2016 5:24
3,YN12,1021-EB-0116.RM_PV,1021-F-0116.RM_PV,1021-P_TH-0116.RM_PV,29/06/2016 5:24
52,TIRRA42,1180-EB-8448.RM_PV,1180-F-8448.RM_PV,1180-P_TH-8448.RM_PV,29/06/2016 6:19
