TS,TORQUE_MOTOR,TORQUE_ROD,SPEED_MOTOR,SPEED_ROD,EFFICIENCY_PUMP,LEVEL_DOWNHOLE,FLOW_GAS,FLOW_WATER,TEMP_GAS,PRESSURE_AN,PRESSURE_DH,PRESSURE_GAS,PRESSURE_TUB,PRESSURE_WATER
2016-12-31 14:00:04.337,504.0,,,84.20646667,,,,,,,,,,
2016-12-31 14:01:04.321,567.0,,,82.16986084,,,,0.23501556,,,,,,166.24942017
2016-12-31 14:02:04.334,408.0,,,81.121315,,,,,,,,,,
2016-12-31 14:03:04.343,460.0,,,,,,,,,144.99656677,,149.48168945,,
2016-12-31 14:04:04.349,421.0,,,,,,,,,,,,,
2016-12-31 14:05:04.355,507.0,,,,,,,,,,,,,
2016-12-31 14:06:04.363,422.0,,,82.37149811,,,,,27.70074081,,,,,
2016-12-31 14:07:04.362,488.0,,,,,,0.00080124,,,,,,,
2016-12-31 14:08:04.362,539.0,,,,,,,,,,,,,
2016-12-31 14:09:04.372,464.0,,,,,,,,,,,,,
2016-12-31 14:10:04.396,467.0,,,81.74640656,,,,0.23500924,,,,,,
2016-12-31 14:11:04.393,498.0,,,,,,,,,,,,,
2016-12-31 14:12:04.401,448.0,,,,,,,,,,,,157.51850891,
2016-12-31 14:13:04.404,510.0,,,,,,,,,,,,,
2016-12-31 14:14:04.408,566.0,,,,,,,,27.57943916,,,,,
2016-12-31 14:15:04.408,523.0,,,,,,,,,,,,,
2016-12-31 14:16:04.406,484.0,,,81.22212982,,,0.00095771,,,,,,,
2016-12-31 14:17:04.420,521.0,,,82.33117676,,,,,,145.47817993,,149.77415466,,
2016-12-31 14:18:04.420,488.0,,,81.36328125,,,,,,,,,155.83283997,
2016-12-31 14:19:04.421,533.0,,,81.32295227,,,,0.23500924,,,,,141.14364624,
2016-12-31 14:20:04.430,576.0,,,80.75835419,,,,,27.49069595,,,,,
2016-12-31 14:21:04.428,475.0,,,80.9196701,,,,,,,,,,
2016-12-31 14:22:04.432,524.0,,,86.00108337,,,,,,,,,150.29428101,
2016-12-31 14:23:04.441,569.0,,,85.45664978,,,,,,,,,,
2016-12-31 14:24:04.443,523.0,,,,,,,,,,,,,
2016-12-31 14:25:04.447,548.0,,,,,,0.0,,,,,,150.29428101,166.98258972
2016-12-31 14:26:04.441,598.0,,,,,,,,,,,,161.37138367,
2016-12-31 14:27:04.452,508.0,,,85.90026855,,,,,,,,,,
2016-12-31 14:28:04.451,453.0,,,,,,,0.23500924,,,,,137.29075623,
2016-12-31 14:29:04.459,510.0,,,,,,,,,,,,,
2016-12-31 14:30:04.465,583.0,,,,,,,,27.32310867,,,,154.38801575,
2016-12-31 14:31:04.458,552.0,,,85.85993195,,,,,,145.23738098,,150.11264038,,
2016-12-31 14:32:04.482,514.0,,,85.01303864,,,,,,,,,,
2016-12-31 14:33:04.483,519.0,,,86.44470978,,,,,,,,,,
2016-12-31 14:34:04.490,486.0,,,,,,0.0,,,,,,,
2016-12-31 14:35:04.491,513.0,,,,,,,,,,,,,
2016-12-31 14:36:04.487,479.0,,,,,,,,,,,,,
2016-12-31 14:37:04.506,496.0,,,,,,,0.23500924,,,,,,
2016-12-31 14:38:04.498,471.0,,,85.0331955,,,,,,,,,,
2016-12-31 14:39:04.511,524.0,,,86.08174896,,,,,,,,,,
2016-12-31 14:40:04.507,493.0,,,85.05336761,,,,,,,,,,
2016-12-31 14:41:04.517,437.0,,,,,,,,,,,,,
2016-12-31 14:42:04.521,572.0,,,84.89204407,,,,,,,,,,
2016-12-31 14:43:04.519,590.0,,,85.55747986,,,0.0,,,,,,,
2016-12-31 14:44:04.529,527.0,,,81.98838043,,,,,27.0937748,,,,152.70237732,
2016-12-31 14:45:04.539,574.0,,,81.10115051,,,,,,143.79252625,,149.80628967,,
2016-12-31 14:46:04.521,534.0,,,81.78674316,,,,0.23500924,,,,,151.25753784,167.32472229
2016-12-31 14:47:04.540,460.0,,,,,,,,,,,,140.18043518,
2016-12-31 14:48:04.545,560.0,,,,,,,,,,,,155.83283997,
2016-12-31 14:49:04.540,520.0,,,,,,,,,,,,,
2016-12-31 14:50:04.550,529.0,,,81.70607758,,,,,,,,,,
2016-12-31 14:51:04.556,481.0,,,80.87934113,,,,,,,,,,
2016-12-31 14:52:04.552,536.0,,,81.74640656,,,0.0,,,,,,,
2016-12-31 14:53:04.563,489.0,,,,,,,,,,,,,166.59158325
2016-12-31 14:54:04.569,519.0,,,,,,,,,,,,,230.86425781
2016-12-31 14:55:04.567,582.0,,,81.70607758,,,,0.23501556,,,,,,
2016-12-31 14:56:04.579,494.0,,,82.4521637,,,,,,,,,,230.32658386
2016-12-31 14:57:04.576,425.0,,,81.04065704,,,,,,,,,,
2016-12-31 14:58:04.596,539.0,,,81.6657486,,,,,26.84932137,,,,,
2016-12-31 14:59:04.599,445.0,,,81.02049255,,,,,,145.47817993,,148.9523468,,
2016-12-31 15:00:04.598,476.0,,,,,,,,,,,,,
2016-12-31 15:01:04.597,580.0,,,81.74640656,,,0.19971707,,26.77194405,,,,,
2016-12-31 15:02:04.605,592.0,,,,,,,,,,,,146.92300415,
2016-12-31 15:03:04.631,472.0,,,,,,,,,,,,164.98350525,
2016-12-31 15:04:04.627,575.0,,,81.44393921,,,,0.23501556,,,,,,
2016-12-31 15:05:04.629,514.0,,,81.06082153,,,,,,,,,,
2016-12-31 15:06:04.650,490.0,,,85.63813019,,,,,,,,,,230.52212524
2016-12-31 15:07:04.655,570.0,,,85.09369659,,,,,,,,,148.84945679,164.44100952
2016-12-31 15:08:04.655,494.0,,,85.275177,,,,,,,,,,
2016-12-31 15:09:04.652,531.0,,,86.2027359,,,,,,,,,,165.27191162
2016-12-31 15:10:04.658,471.0,,,,,,0.0,,,,,,155.83283997,
2016-12-31 15:11:04.668,418.0,,,85.17434692,,,,,,,,,160.88978577,
2016-12-31 15:12:04.662,510.0,,,86.18257141,,,,,,,,,144.75576782,
2016-12-31 15:13:04.673,515.0,,,,,,,0.23500924,26.67419243,143.55171204,,149.75564575,,
2016-12-31 15:14:04.672,517.0,,,85.11385345,,,,,,,,,161.61218262,
2016-12-31 15:15:04.659,497.0,,,,,,,,,,,,151.25753784,
2016-12-31 15:16:04.682,450.0,,,86.32372284,,,,,,,,,,
2016-12-31 15:17:04.693,513.0,,,,,,,,,,,,,
2016-12-31 15:18:04.688,510.0,,,,,,,,,,,,,166.29830933
2016-12-31 15:19:04.698,500.0,,,85.71878815,,,0.0,,,,,,,
2016-12-31 15:20:04.715,502.0,,,,,,,,,,,,,
2016-12-31 15:21:04.705,427.0,,,85.51715088,,,,,,,,,,
2016-12-31 15:22:04.715,573.0,,,86.28338623,,,,0.23500924,,,,,,
2016-12-31 15:23:04.730,539.0,,,,,,,,,,,,,
2016-12-31 15:24:04.729,502.0,,,85.57763672,,,,,,,,,,
2016-12-31 15:25:04.723,577.0,,,,,,,,,,,,,
2016-12-31 15:26:04.735,506.0,,,,,,,,,,,,,
2016-12-31 15:27:04.736,513.0,,,86.0615921,,,,,26.48252487,144.99656677,,149.51315308,,
2016-12-31 15:28:04.746,508.0,,,82.14969635,,,0.0,,,,,,,
2016-12-31 15:29:04.738,591.0,,,81.24230194,,,,,,,,,144.99656677,
2016-12-31 15:30:04.751,518.0,,,,,,,,,,,,,
2016-12-31 15:31:04.749,487.0,,,81.88755798,,,,0.23500296,,,,,164.50187683,
2016-12-31 15:32:04.753,556.0,,,81.20197296,,,,,,,,,151.49833679,
2016-12-31 15:33:04.758,513.0,,,,,,,,26.3307724,,,,,
2016-12-31 15:34:04.765,496.0,,,,,,,,,,,,160.88978577,
2016-12-31 15:35:04.766,448.0,,,,,,,,,,,,135.12350464,
2016-12-31 15:36:04.768,477.0,,,80.93983459,,,,,,,,,,
2016-12-31 15:37:04.772,509.0,,,82.06903839,,,0.0,,,,,,,
2016-12-31 15:38:04.773,583.0,,,,,,,,,,,,158.00010681,
2016-12-31 15:39:04.777,436.0,,,,,,,,,,,,,
2016-12-31 15:40:04.777,511.0,,,,,,,0.23500924,,,,,,
2016-12-31 15:41:04.784,583.0,,,81.96821594,,,,,,145.71897888,,149.32661438,,
2016-12-31 15:42:04.795,528.0,,,80.83901215,,,,,,,,,,
2016-12-31 15:43:04.789,497.0,,,,,,,,,,,,,
2016-12-31 15:44:04.796,529.0,,,82.00854492,,,,,,,,,,166.20054626
2016-12-31 15:45:04.808,478.0,,,80.77851868,,,,,,,,,151.01673889,167.61799622
2016-12-31 15:46:04.803,560.0,,,,,,0.0,,,,,,,
2016-12-31 15:47:04.827,,,,81.96821594,,,,,26.04357529,,,,,
2016-12-31 15:48:04.833,481.0,,,81.121315,,,,,,,,,,
2016-12-31 15:49:04.828,520.0,,,82.00854492,,,,0.23500924,,,,,,
2016-12-31 15:50:04.833,515.0,,,81.80690002,,,,,,,,,,
2016-12-31 15:51:04.840,557.0,,,85.69863129,,,,,,,,,,
2016-12-31 15:52:04.841,540.0,,,86.24306488,,,,,,,,,,
2016-12-31 15:53:04.851,517.0,,,85.35582733,,,,,,,,,,
2016-12-31 15:54:04.843,490.0,,,,,,,,,,,,150.05348206,
2016-12-31 15:55:04.851,472.0,,,85.275177,,,0.00503943,,,145.47817993,,150.71655273,161.13058472,
2016-12-31 15:56:04.850,514.0,,,86.42454529,,,,,,,,,,
2016-12-31 15:57:04.865,408.0,,,85.63813019,,,,,,,,,157.51850891,
2016-12-31 15:58:04.884,514.0,,,86.26322937,,,,0.23500924,,,,,146.2006073,
2016-12-31 15:59:04.880,539.0,,,85.75912476,,,,,,,,,,
2016-12-31 16:00:04.885,515.0,,,86.30355835,,,,,,,,,,
2016-12-31 16:01:04.883,478.0,,,85.15418243,,,,,25.79448509,,,,,
2016-12-31 16:02:04.894,574.0,,,85.81960297,,,,,,,,,,
2016-12-31 16:03:04.900,502.0,,,,,,,,,,,,150.77592468,
2016-12-31 16:04:04.913,512.0,,,,,,0.0,,,,,,,
2016-12-31 16:05:04.914,539.0,,,,,,,,,,,,,
2016-12-31 16:06:04.894,522.0,,,,,,,,,,,,,
2016-12-31 16:07:04.901,466.0,,,,,,,0.23500924,,,,,,
2016-12-31 16:08:04.909,469.0,,,,,,,,,,,,,
2016-12-31 16:09:04.909,447.0,,,,,,,,,145.47817993,,150.01101685,,
2016-12-31 16:10:04.919,486.0,,,,,,,,,,,,,
2016-12-31 16:11:04.918,508.0,,,85.1340332,,,,,,,,,,
2016-12-31 16:12:04.921,422.0,,,85.67845917,,,,,25.6434269,,,,,
2016-12-31 16:13:04.925,474.0,,,81.28263092,,,0.0,,,,,,,
2016-12-31 16:14:04.928,487.0,,,81.78674316,,,,,,,,,147.16381836,
2016-12-31 16:15:04.935,517.0,,,,,,,,,,,,161.37138367,
2016-12-31 16:16:04.940,464.0,,,81.88755798,,,,0.23500924,,,,,,167.47135925
2016-12-31 16:17:04.939,485.0,,,81.10115051,,,,,,,,,140.90284729,231.69514465
2016-12-31 16:18:04.939,482.0,,,,,,,,,,,,157.75930786,
2016-12-31 16:19:04.944,576.0,,,,,,,,,,,,,
2016-12-31 16:20:04.981,550.0,,,,,,,,,,,,,
2016-12-31 16:21:04.969,465.0,,,,,,,,,,,,144.75576782,
2016-12-31 16:22:04.972,450.0,,,,,,0.0,,,,,,,
2016-12-31 16:23:04.979,483.0,,,,,,,,,144.75576782,,149.66912842,,230.61987305
2016-12-31 16:24:04.986,482.0,,,80.71802521,,,,,25.54615211,,,,,
2016-12-31 16:25:04.985,526.0,,,82.02870941,,,,0.23500924,,,,,,
2016-12-31 16:26:04.993,476.0,,,80.9196701,,,,,,,,,157.51850891,
2016-12-31 16:27:04.997,448.0,,,81.90772247,,,,,,,,,,
2016-12-31 16:28:05.002,525.0,,,81.92788696,,,,,,,,,,
2016-12-31 16:29:05.008,441.0,,,,,,0.0,,,,,,,229.98446655
2016-12-31 16:30:05.012,578.0,,,81.121315,,,0.41574231,,,,,,,164.19662476
2016-12-31 16:31:05.028,523.0,,,81.78674316,,,0.0,,,,,,,165.51629639
2016-12-31 16:32:05.029,522.0,,,,,,0.0,,,,,,,
2016-12-31 16:33:05.037,490.0,,,,,,0.40736064,,,,,,,
2016-12-31 16:34:05.045,509.0,,,81.70607758,,,0.0,0.23500924,,,,,,
2016-12-31 16:35:05.050,484.0,,,84.89204407,,,,,25.44729424,,,,,
2016-12-31 16:36:05.056,498.0,,,84.99288177,,,0.0,,,,,,,
2016-12-31 16:37:05.056,555.0,,,86.00108337,,,0.41121781,,,144.75576782,,149.43318176,,
2016-12-31 16:38:05.057,575.0,,,,,,0.0,,,,,,,
2016-12-31 16:39:05.065,507.0,,,,,,,,,,,,,
2016-12-31 16:40:05.086,502.0,,,86.00108337,,,,,,,,,151.25753784,
2016-12-31 16:41:05.069,469.0,,,85.07352448,,,,,,,,,,
2016-12-31 16:42:05.089,418.0,,,,,,,,,,,,,
2016-12-31 16:43:05.070,516.0,,,85.90026855,,,,0.23499665,,,,,,
2016-12-31 16:44:05.076,566.0,,,,,,,,,,,,,
2016-12-31 16:45:05.084,566.0,,,,,,,,25.34761047,,,,,166.78709412
2016-12-31 16:46:05.083,517.0,,,,,,,,,,,,,
2016-12-31 16:47:05.092,589.0,,,,,,0.0,,,,,,,
2016-12-31 16:48:05.097,500.0,,,,,,,,,,,,,
2016-12-31 16:49:05.095,433.0,,,,,,,,,,,,,
2016-12-31 16:50:05.093,512.0,,,86.1422348,,,,,,,,,,
2016-12-31 16:51:05.107,532.0,,,84.97270203,,,,,,144.51496887,,149.78158569,,
2016-12-31 16:52:05.104,574.0,,,85.77927399,,,,0.23502181,,,,,,
2016-12-31 16:53:05.105,554.0,,,,,,,,,,,,,
2016-12-31 16:54:05.116,500.0,,,,,,,,,,,,153.18397522,
2016-12-31 16:55:05.113,496.0,,,85.88011169,,,,,,,,,,
2016-12-31 16:56:05.115,547.0,,,84.77107239,,,0.0,,,,,,,
2016-12-31 16:57:05.128,497.0,,,81.30279541,,,,,,,,,,
2016-12-31 16:58:05.142,603.0,,,81.30279541,,,,,,,,,,
2016-12-31 16:59:05.154,462.0,,,80.7381897,,,,,25.32584,,,,,
2016-12-31 17:00:05.171,565.0,,,81.86739349,,,,,,,,,144.75576782,
2016-12-31 17:01:05.157,454.0,,,,,,,0.23500296,,,,,140.18043518,
2016-12-31 17:02:05.168,590.0,,,,,,,,,,,,161.13058472,
2016-12-31 17:03:05.174,446.0,,,,,,,,,,,,,
2016-12-31 17:04:05.171,501.0,,,,,,,,,,,,,
2016-12-31 17:05:05.181,480.0,,,,,,0.0,,,144.75576782,,149.97695923,153.18397522,
2016-12-31 17:06:05.201,482.0,,,,,,,,,,,,,
2016-12-31 17:07:05.216,478.0,,,81.10115051,,,,,,,,,,
2016-12-31 17:08:05.217,495.0,,,81.32295227,,,,,,,,,146.92300415,
2016-12-31 17:09:05.228,508.0,,,82.06903839,,,,,,,,,,
2016-12-31 17:10:05.223,497.0,,,,,,,0.23501556,,,,,150.77592468,
2016-12-31 17:11:05.231,506.0,,,,,,,,,,,,,
2016-12-31 17:12:05.226,482.0,,,,,,,,,,,,,
2016-12-31 17:13:05.242,442.0,,,,,,,,25.23336029,,,,,167.56910706
2016-12-31 17:14:05.238,510.0,,,81.40361023,,,0.0,,,,,,,
2016-12-31 17:15:05.240,496.0,,,82.00854492,,,,,,,,,,
2016-12-31 17:16:05.238,502.0,,,82.00854492,,,0.0,,,,,,,
2016-12-31 17:17:05.243,464.0,,,80.89950562,,,0.60696942,,,,,,,
2016-12-31 17:18:05.246,525.0,,,82.00854492,,,0.0,,,,,,,
2016-12-31 17:19:05.249,514.0,,,85.57763672,,,,0.23501556,,144.75576782,,150.45608521,,
2016-12-31 17:20:05.262,530.0,,,,,,,,,,,,145.71897888,
2016-12-31 17:21:05.256,502.0,,,85.23484802,,,,,,,,,,
2016-12-31 17:22:05.263,609.0,,,86.52536774,,,,,,,,,,
2016-12-31 17:23:05.275,484.0,,,85.33567047,,,,,,,,,,
2016-12-31 17:24:05.272,519.0,,,,,,,,,,,,,
2016-12-31 17:25:05.275,450.0,,,85.69863129,,,,,,,,,140.42124939,
2016-12-31 17:26:05.277,450.0,,,,,,,,,,,,157.03686523,
2016-12-31 17:27:05.281,492.0,,,,,,0.0,,25.2046051,,,,,
2016-12-31 17:28:05.287,446.0,,,,,,,0.23501556,,,,,150.29428101,
2016-12-31 17:29:05.290,541.0,,,,,,,,,,,,143.31091309,
2016-12-31 17:30:05.288,437.0,,,,,,,,,,,,161.13058472,
2016-12-31 17:31:05.293,513.0,,,,,,,,,,,,147.40461731,
2016-12-31 17:32:05.292,545.0,,,,,,,,,,,,,
2016-12-31 17:33:05.304,527.0,,,,,,,,,144.99656677,,149.60705566,,
2016-12-31 17:34:05.321,588.0,,,,,,,,,,,,156.55525208,
2016-12-31 17:35:05.305,447.0,,,,,,0.0,,,,,,158.72253418,
2016-12-31 17:36:05.323,466.0,,,,,,2.20034027,,,,,,141.86607361,166.88484192
2016-12-31 17:37:05.313,521.0,,,85.85993195,,,1.52052736,0.23502181,,,,,152.46156311,233.84570313
2016-12-31 17:38:05.333,496.0,,,84.99288177,,,0.0,,,,,,,232.42828369
2016-12-31 17:39:05.322,546.0,,,84.89204407,,,,,,,,,,
2016-12-31 17:40:05.328,525.0,,,85.49697876,,,,,,,,,151.97994995,
2016-12-31 17:41:05.325,465.0,,,81.121315,,,,,25.11540031,,,,,
2016-12-31 17:42:05.332,519.0,,,,,,,,,,,,,
2016-12-31 17:43:05.334,493.0,,,,,,,,,,,,,232.13502502
2016-12-31 17:44:05.342,458.0,,,,,,,,,,,,,
2016-12-31 17:45:05.343,602.0,,,,,,,,,,,,,230.57099915
2016-12-31 17:46:05.344,524.0,,,,,,,0.23501556,,,,,,
2016-12-31 17:47:05.346,504.0,,,,,,0.0,,,144.99656677,,149.70498657,,229.59346008
2016-12-31 17:48:05.351,431.0,,,81.62541962,,,,,,,,,,
2016-12-31 17:49:05.360,581.0,,,,,,,,,,,,,
2016-12-31 17:50:05.363,575.0,,,,,,,,25.04556274,,,,,
2016-12-31 17:51:05.368,463.0,,,80.89950562,,,0.0,,,,,,,228.90919495
2016-12-31 17:52:05.370,571.0,,,81.70607758,,,0.28361318,,,,,,,165.90730286
2016-12-31 17:53:05.371,581.0,,,,,,0.0,,,,,,,
2016-12-31 17:54:05.381,601.0,,,,,,,,,,,,155.1104126,
2016-12-31 17:55:05.380,507.0,,,81.70607758,,,,0.23501556,,,,,,
2016-12-31 17:56:05.379,516.0,,,80.9196701,,,,,,,,,,165.51629639
2016-12-31 17:57:05.390,489.0,,,81.847229,,,,,24.97584724,,,,,167.17810059
2016-12-31 17:58:05.408,521.0,,,,,,,,,,,,,165.41853333
2016-12-31 17:59:05.415,432.0,,,,,,,,,,,,,
2016-12-31 18:00:05.415,508.0,,,,,,,,,,,,,
2016-12-31 18:01:05.421,574.0,,,,,,,,,144.99656677,,149.27232361,,
2016-12-31 18:02:05.425,511.0,,,81.98838043,,,0.0,,,,,,,
2016-12-31 18:03:05.438,542.0,,,84.9525528,,,,,24.88593864,,,,,
2016-12-31 18:04:05.429,466.0,,,,,,,0.23500296,,,,,,165.66291809
2016-12-31 18:05:05.435,552.0,,,86.16240692,,,,,,,,,,
2016-12-31 18:06:05.429,452.0,,,85.25500488,,,,,,,,,,
2016-12-31 18:07:05.435,497.0,,,,,,,,,,,,149.57188416,
2016-12-31 18:08:05.442,470.0,,,,,,,,,,,,,
2016-12-31 18:09:05.442,508.0,,,,,,,,,,,,,
2016-12-31 18:10:05.449,446.0,,,,,,,,,,,,,
2016-12-31 18:11:05.474,448.0,,,,,,0.0,,24.78312302,,,,154.6288147,
2016-12-31 18:12:05.468,589.0,,,,,,,,,,,,130.78898621,
2016-12-31 18:13:05.482,,,,85.31549835,,,,0.23501556,,,,,161.61218262,
2016-12-31 18:14:05.481,522.0,,,85.88011169,,,,,,,,,159.44494629,
2016-12-31 18:15:05.480,467.0,,,84.83155823,,,,,,144.0333252,,149.14723206,137.77235413,
2016-12-31 18:16:05.482,506.0,,,85.83978271,,,,,,,,,157.03686523,
2016-12-31 18:17:05.485,502.0,,,85.275177,,,,,24.71240997,,,,,
2016-12-31 18:18:05.486,446.0,,,,,,,,,,,,,
2016-12-31 18:19:05.494,522.0,,,,,,,,,,,,,
2016-12-31 18:20:05.495,528.0,,,85.98092651,,,0.0,,,,,,,
2016-12-31 18:21:05.502,507.0,,,,,,,,,,,,,
2016-12-31 18:22:05.506,471.0,,,,,,,0.23501556,,,,,152.2207489,
2016-12-31 18:23:05.509,577.0,,,,,,,,,,,,141.38447571,
2016-12-31 18:24:05.512,576.0,,,85.77927399,,,,,,,,,,
2016-12-31 18:25:05.519,567.0,,,81.30279541,,,,,,,,,155.59204102,
2016-12-31 18:26:05.512,513.0,,,81.96821594,,,,,24.61518288,,,,,
2016-12-31 18:27:05.523,477.0,,,81.18180084,,,,,,,,,,
2016-12-31 18:28:05.525,548.0,,,,,,,,,,,,160.88978577,
2016-12-31 18:29:05.523,492.0,,,,,,0.0,,,144.0333252,,149.07275391,134.64187622,
2016-12-31 18:30:05.528,602.0,,,,,,,,,,,,155.1104126,
2016-12-31 18:31:05.546,586.0,,,81.42378235,,,,0.23501556,,,,,,
2016-12-31 18:32:05.563,510.0,,,,,,,,,,,,,
2016-12-31 18:33:05.565,586.0,,,81.96821594,,,,,,,,,145.71897888,
2016-12-31 18:34:05.565,575.0,,,,,,,,,,,,,
2016-12-31 18:35:05.566,483.0,,,81.60526276,,,,,24.52600288,,,,145.23738098,166.49383545
2016-12-31 18:36:05.576,456.0,,,,,,,,,,,,159.92654419,
2016-12-31 18:37:05.575,570.0,,,,,,,,,,,,,
2016-12-31 18:38:05.589,504.0,,,80.79868317,,,0.0,,,,,,,
2016-12-31 18:39:05.585,562.0,,,81.38345337,,,,,,,,,151.25753784,
2016-12-31 18:40:05.583,559.0,,,,,,,0.23502181,,,,,,
2016-12-31 18:41:05.592,448.0,,,,,,,,,,,,,
2016-12-31 18:42:05.590,469.0,,,,,,,,,,,,,
2016-12-31 18:43:05.601,508.0,,,,,,,,,144.75576782,,149.21243286,,
2016-12-31 18:44:05.613,,,,81.78674316,,,,,,,,,,
2016-12-31 18:45:05.608,480.0,,,80.83901215,,,,,,,,,,
2016-12-31 18:46:05.606,511.0,,,82.21018982,,,,,,,,,,
2016-12-31 18:47:05.605,483.0,,,85.25500488,,,0.0,,,,,,,
2016-12-31 18:48:05.618,514.0,,,,,,,,,,,,,
2016-12-31 18:49:05.615,448.0,,,,,,,0.23502181,24.36668587,,,,151.73913574,166.93371582
2016-12-31 18:50:05.631,564.0,,,84.91222382,,,,,,,,,140.42124939,
2016-12-31 18:51:05.622,579.0,,,,,,,,,,,,150.77592468,
2016-12-31 18:52:05.625,510.0,,,86.2027359,,,,,,,,,,
2016-12-31 18:53:05.630,586.0,,,,,,,,,,,,,
2016-12-31 18:54:05.638,506.0,,,,,,,,,,,,,
2016-12-31 18:55:05.637,552.0,,,85.85993195,,,,,,,,,,
2016-12-31 18:56:05.640,570.0,,,85.01303864,,,0.0,,,,,,,
2016-12-31 18:57:05.646,531.0,,,85.75912476,,,,,,144.99656677,,149.48419189,,
2016-12-31 18:58:05.641,523.0,,,,,,,0.23502181,,,,,159.92654419,
2016-12-31 18:59:05.649,559.0,,,85.63813019,,,,,,,,,,
2016-12-31 19:00:05.655,508.0,,,,,,,,24.23047447,,,,158.00010681,166.93371582
2016-12-31 19:01:05.652,504.0,,,,,,,,,,,,,231.74401855
2016-12-31 19:02:05.656,573.0,,,85.61797333,,,,,,,,,,
2016-12-31 19:03:05.688,460.0,,,86.16240692,,,,,,,,,,231.64627075
2016-12-31 19:04:05.688,538.0,,,,,,,,,,,,,
2016-12-31 19:05:05.701,510.0,,,,,,0.0,,,,,,160.1673584,230.96200562
2016-12-31 19:06:05.711,580.0,,,,,,,,24.14063072,,,,146.44140625,
2016-12-31 19:07:05.725,478.0,,,85.07352448,,,,0.23502181,,,,,,
2016-12-31 19:08:05.723,558.0,,,86.4043808,,,,,,,,,,
2016-12-31 19:09:05.731,530.0,,,81.20197296,,,,,,,,,,
2016-12-31 19:10:05.730,583.0,,,,,,,,,,,,,
2016-12-31 19:11:05.732,523.0,,,,,,,,,144.99656677,,149.16844177,,
2016-12-31 19:12:05.727,583.0,,,80.75835419,,,,,,,,,,229.05581665
2016-12-31 19:13:05.743,516.0,,,82.16986084,,,,,,,,,,
2016-12-31 19:14:05.740,452.0,,,,,,0.0,,,,,,,227.93167114
2016-12-31 19:15:05.741,579.0,,,81.42378235,,,,,,,,,,164.9786377
2016-12-31 19:16:05.746,449.0,,,,,,,0.23502181,,,,,,
2016-12-31 19:17:05.754,498.0,,,,,,,,,,,,142.58848572,
2016-12-31 19:18:05.756,485.0,,,,,,,,,,,,157.75930786,
2016-12-31 19:19:05.760,589.0,,,,,,,,,,,,,
2016-12-31 19:20:05.768,571.0,,,,,,,,24.02369881,,,,,165.61404419
2016-12-31 19:21:05.767,587.0,,,81.30279541,,,,,,,,,148.36784363,
2016-12-31 19:22:05.768,504.0,,,82.02870941,,,,,,,,,132.23381042,
2016-12-31 19:23:05.785,539.0,,,,,,0.0,,,,,,148.36784363,
2016-12-31 19:24:05.780,584.0,,,82.31101227,,,,,,,,,,
2016-12-31 19:25:05.778,443.0,,,81.42378235,,,,0.23501556,,145.47817993,,149.72302246,,
2016-12-31 19:26:05.784,510.0,,,82.0488739,,,,,,,,,,
2016-12-31 19:27:05.786,495.0,,,81.50443268,,,,,,,,,,166.00505066
2016-12-31 19:28:05.791,524.0,,,81.90772247,,,,,,,,,,
2016-12-31 19:29:05.813,551.0,,,80.7381897,,,,,,,,,,
2016-12-31 19:30:05.815,493.0,,,81.847229,,,,,,,,,,
2016-12-31 19:31:05.818,583.0,,,85.53730774,,,,,,,,,,
2016-12-31 19:32:05.844,400.0,,,,,,0.0,,,,,,,
2016-12-31 19:33:05.842,502.0,,,,,,,,,,,,,
2016-12-31 19:34:05.858,499.0,,,,,,,0.23501556,24.0003643,,,,,
2016-12-31 19:35:05.850,551.0,,,85.83978271,,,,,,,,,,
2016-12-31 19:36:05.859,494.0,,,84.89204407,,,,,,,,,,
2016-12-31 19:37:05.868,501.0,,,85.79945374,,,0.0,,,,,,144.27412415,
2016-12-31 19:38:05.875,567.0,,,,,,1.94926775,,,,,,,
2016-12-31 19:39:05.868,502.0,,,85.05336761,,,0.0,,,144.0333252,,150.02001953,,
2016-12-31 19:40:05.870,584.0,,,86.32372284,,,,,,,,,,
2016-12-31 19:41:05.878,459.0,,,85.29533386,,,,,,,,,156.79605103,
2016-12-31 19:42:05.879,505.0,,,85.41632843,,,,,,,,,,
2016-12-31 19:43:05.882,505.0,,,86.10190582,,,,0.23501556,,,,,153.90640259,
2016-12-31 19:44:05.884,547.0,,,,,,,,,,,,142.58848572,
2016-12-31 19:45:05.897,507.0,,,,,,,,,,,,152.70237732,
2016-12-31 19:46:05.897,501.0,,,86.10190582,,,,,,,,,,
2016-12-31 19:47:05.895,465.0,,,85.15418243,,,,,,,,,,
2016-12-31 19:48:05.903,436.0,,,85.0331955,,,0.0,,24.19273186,,,,,
2016-12-31 19:49:05.902,465.0,,,85.73894501,,,,,,,,,,
2016-12-31 19:50:05.913,420.0,,,85.11385345,,,,,,,,,,
2016-12-31 19:51:05.913,577.0,,,85.94059753,,,,,,,,,,
2016-12-31 19:52:05.918,416.0,,,85.25500488,,,,0.23502181,,,,,154.86961365,
2016-12-31 19:53:05.921,525.0,,,81.76657104,,,,,,143.31091309,,149.70187378,136.80914307,
2016-12-31 19:54:05.920,496.0,,,82.08920288,,,,,,,,,138.97639465,
2016-12-31 19:55:05.946,503.0,,,81.26246643,,,,,,,,,,
2016-12-31 19:56:05.952,461.0,,,81.00032043,,,,,24.40951157,,,,160.1673584,
2016-12-31 19:57:05.959,524.0,,,81.96821594,,,0.0,,,,,,147.16381836,
2016-12-31 19:58:05.960,471.0,,,81.18180084,,,,,,,,,,
2016-12-31 19:59:05.967,432.0,,,,,,,,,,,,,
2016-12-31 20:00:05.964,573.0,,,,,,,,,,,,,
2016-12-31 20:01:05.966,575.0,,,81.46411133,,,,0.23501556,24.59115028,,,,,
2016-12-31 20:02:05.977,465.0,,,,,,,,,,,,,
2016-12-31 20:03:05.989,468.0,,,,,,,,,,,,,
2016-12-31 20:04:05.980,506.0,,,,,,,,,,,,151.73913574,
2016-12-31 20:05:05.984,540.0,,,81.74640656,,,,,,,,,,
2016-12-31 20:06:05.988,527.0,,,80.75835419,,,0.0,,,,,,,166.49383545
2016-12-31 20:07:05.988,563.0,,,81.54476166,,,,,24.85349464,143.31091309,,149.86845398,,
2016-12-31 20:08:05.997,481.0,,,,,,,,,,,,,
2016-12-31 20:09:05.993,508.0,,,82.41182709,,,,,,,,,,
2016-12-31 20:10:06.001,518.0,,,81.36328125,,,,0.23501556,,,,,,
2016-12-31 20:11:06.006,521.0,,,81.96821594,,,,,,,,,,
2016-12-31 20:12:06.004,463.0,,,81.86739349,,,,,,,,,,
2016-12-31 20:13:06.009,477.0,,,80.9196701,,,,,,,,,,
2016-12-31 20:14:06.016,514.0,,,81.86739349,,,,,25.11492729,,,,,166.88484192
2016-12-31 20:15:06.023,515.0,,,86.2027359,,,0.0,,,,,,,
2016-12-31 20:16:06.025,499.0,,,,,,,,,,,,155.83283997,
2016-12-31 20:17:06.023,507.0,,,85.98092651,,,,,,,,,139.45799255,
2016-12-31 20:18:06.030,573.0,,,84.87188721,,,,,25.29710579,,,,,
2016-12-31 20:19:06.033,531.0,,,86.04141998,,,,0.23500924,,,,,162.8162384,
2016-12-31 20:20:06.046,507.0,,,,,,,,,,,,141.38447571,
2016-12-31 20:21:06.044,464.0,,,85.4768219,,,,,25.41934204,143.31091309,,149.99734497,,
2016-12-31 20:22:06.051,516.0,,,,,,,,,,,,147.16381836,
2016-12-31 20:23:06.042,573.0,,,,,,,,,,,,,
2016-12-31 20:24:06.050,461.0,,,,,,0.0,,,,,,144.75576782,167.47135925
2016-12-31 20:25:06.058,561.0,,,,,,,,,,,,159.44494629,165.66291809
2016-12-31 20:26:06.052,473.0,,,,,,,,,,,,,229.93557739
2016-12-31 20:27:06.062,472.0,,,,,,,,,,,,,
2016-12-31 20:28:06.063,450.0,,,,,,,0.23502181,,,,,,
2016-12-31 20:29:06.069,519.0,,,,,,,,,,,,,
2016-12-31 20:30:06.071,517.0,,,,,,,,,,,,,
2016-12-31 20:31:06.074,577.0,,,,,,,,,,,,,
2016-12-31 20:32:06.074,418.0,,,85.53730774,,,,,,,,,143.07011414,
2016-12-31 20:33:06.079,507.0,,,86.2027359,,,0.0,,,,,,142.82931519,
2016-12-31 20:34:06.089,392.0,,,85.09369659,,,,,,,,,154.6288147,
2016-12-31 20:35:06.085,480.0,,,84.97270203,,,,,26.23350525,143.31091309,,149.16448975,,229.05581665
2016-12-31 20:36:06.097,575.0,,,85.69863129,,,,,,,,,,
2016-12-31 20:37:06.104,448.0,,,80.77851868,,,,0.23502181,,,,,,228.90919495
2016-12-31 20:38:06.105,540.0,,,81.92788696,,,,,,,,,,163.80561829
2016-12-31 20:39:06.107,475.0,,,,,,,,,,,,145.47817993,165.80953979
2016-12-31 20:40:06.110,461.0,,,,,,,,,,,,,
2016-12-31 20:41:06.114,502.0,,,81.121315,,,,,,,,,158.96333313,
2016-12-31 20:42:06.114,519.0,,,,,,0.0,,,,,,,
2016-12-31 20:43:06.122,443.0,,,81.76657104,,,,,,,,,161.85302734,
2016-12-31 20:44:06.122,529.0,,,81.72624207,,,,,,,,,141.62527466,
2016-12-31 20:45:06.129,529.0,,,80.75835419,,,,,,,,,151.97994995,
2016-12-31 20:46:06.127,511.0,,,82.33117676,,,,0.23503441,,,,,,
2016-12-31 20:47:06.134,409.0,,,,,,,,,,,,,
2016-12-31 20:48:06.132,510.0,,,82.12953186,,,,,,,,,,
2016-12-31 20:49:06.132,475.0,,,80.81884766,,,,,27.05648232,142.82931519,,149.39859009,147.88624573,
2016-12-31 20:50:06.145,529.0,,,81.86739349,,,,,,,,,127.41768646,
2016-12-31 20:51:06.152,461.0,,,,,,6.869e-05,,,,,,155.83283997,
2016-12-31 20:52:06.155,571.0,,,,,,,,,,,,,
2016-12-31 20:53:06.157,476.0,,,,,,,,27.31444931,,,,144.99656677,
2016-12-31 20:54:06.162,518.0,,,,,,,,27.45124054,,,,155.59204102,
2016-12-31 20:55:06.164,579.0,,,,,,,0.23502813,,,,,,
2016-12-31 20:56:06.172,485.0,,,80.89950562,,,,,,,,,,
2016-12-31 20:57:06.185,509.0,,,,,,,,27.62970352,,,,,
2016-12-31 20:58:06.173,446.0,,,81.82707214,,,,,,,,,,
2016-12-31 20:59:06.186,583.0,,,85.73894501,,,,,,,,,,
2016-12-31 21:00:06.182,508.0,,,,,,0.0,,,,,,,
2016-12-31 21:01:06.197,532.0,,,85.0331955,,,,,,,,,,166.54270935
2016-12-31 21:02:06.192,562.0,,,,,,,,,,,,150.77592468,
2016-12-31 21:03:06.218,519.0,,,86.04141998,,,,,,144.99656677,,149.76687622,,
2016-12-31 21:04:06.197,505.0,,,85.25500488,,,,0.23502813,28.09892845,,,,,
2016-12-31 21:05:06.202,499.0,,,,,,,,,,,,,
2016-12-31 21:06:06.210,535.0,,,,,,,,,,,,,
2016-12-31 21:07:06.208,484.0,,,85.71878815,,,,,,,,,,
2016-12-31 21:08:06.221,419.0,,,,,,,,,,,,,
2016-12-31 21:09:06.223,448.0,,,85.31549835,,,0.0,,,,,,,
2016-12-31 21:10:06.224,506.0,,,,,,,,28.45485497,,,,,
2016-12-31 21:11:06.229,514.0,,,85.35582733,,,,,,,,,152.2207489,
2016-12-31 21:12:06.229,493.0,,,85.98092651,,,,,,,,,132.71542358,
2016-12-31 21:13:06.232,524.0,,,,,,,0.23503441,,,,,160.40817261,
2016-12-31 21:14:06.238,506.0,,,,,,,,,,,,147.64543152,
2016-12-31 21:15:06.239,461.0,,,84.85173035,,,,,,,,,,
2016-12-31 21:16:06.245,584.0,,,85.59779358,,,,,,,,,,
2016-12-31 21:17:06.248,476.0,,,,,,,,28.73974228,144.0333252,,149.41078186,,
2016-12-31 21:18:06.269,504.0,,,,,,0.0,,,,,,,
2016-12-31 21:19:06.271,459.0,,,86.10190582,,,,,,,,,150.29428101,
2016-12-31 21:20:06.274,601.0,,,85.49697876,,,,,,,,,163.29785156,166.88484192
2016-12-31 21:21:06.280,588.0,,,82.06903839,,,,,28.95841217,,,,142.58848572,
2016-12-31 21:22:06.283,511.0,,,82.02870941,,,,0.23502813,,,,,154.86961365,167.96012878
2016-12-31 21:23:06.286,591.0,,,81.36328125,,,,,,,,,,
2016-12-31 21:24:06.294,439.0,,,81.34312439,,,,,,,,,,
2016-12-31 21:25:06.297,560.0,,,82.06903839,,,,,,,,,,167.27584839
2016-12-31 21:26:06.298,449.0,,,,,,,,,,,,154.6288147,
2016-12-31 21:27:06.304,485.0,,,82.35134125,,,0.0,,29.24129868,,,,,
2016-12-31 21:28:06.304,462.0,,,80.7381897,,,,,,,,,,
2016-12-31 21:29:06.312,432.0,,,,,,,,29.37445641,,,,,
2016-12-31 21:30:06.309,525.0,,,,,,,,,,,,,
2016-12-31 21:31:06.316,564.0,,,82.23035431,,,,0.23502813,,143.79252625,,149.97038269,,
2016-12-31 21:32:06.341,439.0,,,,,,,,,,,,,
2016-12-31 21:33:06.327,571.0,,,81.58509064,,,,,,,,,,
2016-12-31 21:34:06.333,562.0,,,,,,,,,,,,,
2016-12-31 21:35:06.338,551.0,,,81.86739349,,,,,,,,,156.31445313,
2016-12-31 21:36:06.331,450.0,,,81.04065704,,,0.0,,,,,,143.31091309,
2016-12-31 21:37:06.351,472.0,,,,,,,,,,,,,
2016-12-31 21:38:06.336,440.0,,,,,,,,,,,,138.25398254,167.61799622
2016-12-31 21:39:06.351,508.0,,,81.16164398,,,,,,,,,153.90640259,
2016-12-31 21:40:06.353,483.0,,,,,,,0.23502813,,,,,153.90640259,
2016-12-31 21:41:06.351,579.0,,,81.56493378,,,,,,,,,142.34768677,
2016-12-31 21:42:06.360,552.0,,,82.08920288,,,,,,,,,154.86961365,
2016-12-31 21:43:06.366,587.0,,,85.51715088,,,,,30.09593773,,,,132.47462463,
2016-12-31 21:44:06.363,496.0,,,85.23484802,,,,,,,,,155.59204102,
2016-12-31 21:45:06.365,510.0,,,86.12207794,,,6.308e-05,,,145.47817993,,150.43331909,160.1673584,168.05787659
2016-12-31 21:46:06.375,590.0,,,,,,,,,,,,144.0333252,232.13502502
2016-12-31 21:47:06.369,508.0,,,85.77927399,,,,,,,,,,229.39794922
2016-12-31 21:48:06.380,525.0,,,,,,,,,,,,,
2016-12-31 21:49:06.384,494.0,,,,,,,0.23502813,,,,,,
2016-12-31 21:50:06.377,546.0,,,,,,,,,,,,,
2016-12-31 21:51:06.397,499.0,,,,,,,,,,,,,
2016-12-31 21:52:06.384,477.0,,,85.57763672,,,,,,,,,,
2016-12-31 21:53:06.400,556.0,,,86.30355835,,,,,,,,,,
2016-12-31 21:54:06.398,460.0,,,85.275177,,,0.0,,,,,,,
2016-12-31 21:55:06.419,502.0,,,85.85993195,,,,,,,,,,
2016-12-31 21:56:06.423,477.0,,,84.9525528,,,,,,,,,,
2016-12-31 21:57:06.426,560.0,,,85.79945374,,,,,30.76223946,,,,,
2016-12-31 21:58:06.425,509.0,,,,,,,0.23502813,,,,,,230.91313171
2016-12-31 21:59:06.442,484.0,,,85.09369659,,,,,,145.47817993,,149.5448761,,164.83201599
2016-12-31 22:00:06.438,473.0,,,85.92042542,,,,,,,,,151.97994995,
2016-12-31 22:01:06.438,545.0,,,85.23484802,,,,,,,,,,165.90730286
2016-12-31 22:02:06.446,512.0,,,86.08174896,,,,,,,,,,
2016-12-31 22:03:06.444,456.0,,,,,,0.0,,,,,,,
2016-12-31 22:04:06.443,565.0,,,85.75912476,,,,,,,,,,
2016-12-31 22:05:06.451,509.0,,,82.0488739,,,,,,,,,,
2016-12-31 22:06:06.459,517.0,,,,,,,,,,,,,
2016-12-31 22:07:06.481,576.0,,,,,,,0.23502181,,,,,156.31445313,166.49383545
2016-12-31 22:08:06.486,499.0,,,82.2505188,,,,,,,,,141.62527466,
2016-12-31 22:09:06.485,521.0,,,80.87934113,,,,,,,,,,
2016-12-31 22:10:06.489,514.0,,,82.12953186,,,,,,,,,,
2016-12-31 22:11:06.496,,,,,,,,,31.35961342,,,,163.29785156,
2016-12-31 22:12:06.498,460.0,,,81.58509064,,,0.0,,,,,,146.44140625,
2016-12-31 22:13:06.497,517.0,,,82.19002533,,,,,,145.47817993,,149.46446228,160.40817261,
2016-12-31 22:14:06.508,539.0,,,80.77851868,,,0.0,,,,,,,
2016-12-31 22:15:06.516,477.0,,,,,,0.3748998,,,,,,152.46156311,
2016-12-31 22:16:06.511,533.0,,,81.88755798,,,0.0,0.23502813,,,,,137.29075623,
2016-12-31 22:17:06.513,512.0,,,81.02049255,,,,,,,,,153.42477417,
2016-12-31 22:18:06.519,449.0,,,81.72624207,,,,,,,,,,
2016-12-31 22:19:06.526,518.0,,,,,,,,,,,,,
2016-12-31 22:20:06.534,497.0,,,,,,,,,,,,,
2016-12-31 22:21:06.524,563.0,,,81.56493378,,,,,,,,,,
2016-12-31 22:22:06.526,545.0,,,80.67769623,,,,,,,,,,
2016-12-31 22:23:06.536,488.0,,,82.21018982,,,,,,,,,,
2016-12-31 22:24:06.551,464.0,,,81.46411133,,,,,,,,,,
2016-12-31 22:25:06.545,435.0,,,,,,0.0,0.23502813,32.030056,,,,,
2016-12-31 22:26:06.545,471.0,,,81.847229,,,,,,,,,,
2016-12-31 22:27:06.542,504.0,,,85.55747986,,,,,,145.47817993,,150.08276367,,
2016-12-31 22:28:06.549,487.0,,,,,,,,,,,,,166.54270935
2016-12-31 22:29:06.553,560.0,,,,,,,,32.31176758,,,,150.53509521,167.71574402
2016-12-31 22:30:06.558,573.0,,,,,,,,,,,,133.19702148,
2016-12-31 22:31:06.559,548.0,,,,,,,,,,,,154.86961365,166.88484192
2016-12-31 22:32:06.572,573.0,,,85.61797333,,,,,,,,,,
2016-12-31 22:33:06.587,516.0,,,86.50520325,,,,,32.53201675,,,,,
2016-12-31 22:34:06.589,495.0,,,,,,0.0,0.23502813,,,,,,
2016-12-31 22:35:06.593,,,,85.73894501,,,,,,,,,,
2016-12-31 22:36:06.595,519.0,,,,,,,,,,,,,
2016-12-31 22:37:06.605,550.0,,,85.57763672,,,,,,,,,,
2016-12-31 22:38:06.612,504.0,,,,,,,,,,,,,
2016-12-31 22:39:06.619,509.0,,,,,,,,,,,,,
2016-12-31 22:40:06.621,466.0,,,,,,,,,,,,,
2016-12-31 22:41:06.621,483.0,,,85.90026855,,,,,,144.75576782,,149.95036316,,
2016-12-31 22:42:06.625,468.0,,,84.91222382,,,,,,,,,,
2016-12-31 22:43:06.629,519.0,,,86.24306488,,,0.0,0.23503441,,,,,,167.32472229
2016-12-31 22:44:06.634,442.0,,,85.2146759,,,,,,,,,,
2016-12-31 22:45:06.639,499.0,,,86.2027359,,,,,,,,,151.25753784,
2016-12-31 22:46:06.639,571.0,,,,,,,,,,,,,
2016-12-31 22:47:06.659,537.0,,,,,,,,33.35391235,,,,,
2016-12-31 22:48:06.645,511.0,,,86.54553223,,,,,,,,,,
2016-12-31 22:49:06.651,524.0,,,81.48426819,,,,,,,,,,
2016-12-31 22:50:06.657,489.0,,,81.58509064,,,,,,,,,,
2016-12-31 22:51:06.671,592.0,,,80.87934113,,,,,,,,,,
2016-12-31 22:52:06.683,440.0,,,,,,0.0,0.23502813,33.62948227,,,,,
2016-12-31 22:53:06.699,497.0,,,81.121315,,,,,,,,,,
2016-12-31 22:54:06.707,583.0,,,81.92788696,,,,,,,,,,
2016-12-31 22:55:06.694,467.0,,,,,,,,33.74199295,145.47817993,,149.71781921,,
2016-12-31 22:56:06.696,436.0,,,82.10936737,,,,,,,,,152.2207489,
2016-12-31 22:57:06.701,461.0,,,81.08098602,,,,,,,,,,
2016-12-31 22:58:06.704,497.0,,,82.14969635,,,,,,,,,,
2016-12-31 22:59:06.705,460.0,,,80.75835419,,,,,,,,,,
2016-12-31 23:00:06.714,581.0,,,,,,,,,,,,,
2016-12-31 23:01:06.717,515.0,,,81.98838043,,,0.0,0.23502813,33.96157837,,,,,
2016-12-31 23:02:06.724,511.0,,,,,,,,,,,,158.96333313,167.56910706
2016-12-31 23:03:06.727,486.0,,,81.36328125,,,,,,,,,,
2016-12-31 23:04:06.723,470.0,,,81.18180084,,,0.0,,,,,,,
2016-12-31 23:05:06.736,505.0,,,82.00854492,,,0.37471724,,34.26821518,,,,,
2016-12-31 23:06:06.739,574.0,,,80.95999146,,,1.45790088,,,,,,156.55525208,
2016-12-31 23:07:06.734,508.0,,,,,,0.0,,,,,,143.79252625,
2016-12-31 23:08:06.741,488.0,,,81.90772247,,,,,,,,,,167.37359619
2016-12-31 23:09:06.741,456.0,,,81.32295227,,,,,,145.47817993,,149.49891663,,229.93557739
2016-12-31 23:10:06.758,513.0,,,82.02870941,,,,0.23502813,,,,,,
2016-12-31 23:11:06.757,516.0,,,85.85993195,,,,,,,,,,
2016-12-31 23:12:06.758,509.0,,,,,,,,,,,,,
2016-12-31 23:13:06.754,494.0,,,85.96075439,,,,,,,,,,
2016-12-31 23:14:06.770,518.0,,,84.85173035,,,,,,,,,153.90640259,
2016-12-31 23:15:06.784,517.0,,,86.2027359,,,,,,,,,,
2016-12-31 23:16:06.800,588.0,,,,,,0.0,,34.69816589,,,,,
2016-12-31 23:17:06.792,571.0,,,,,,,,,,,,,
2016-12-31 23:18:06.795,453.0,,,,,,,,,,,,,
2016-12-31 23:19:06.802,509.0,,,,,,,0.23502813,,,,,,
2016-12-31 23:20:06.804,512.0,,,,,,,,34.84514618,,,,,
2016-12-31 23:21:06.801,508.0,,,86.04141998,,,,,,,,,,230.42434692
2016-12-31 23:22:06.808,560.0,,,,,,0.0,,,,,,,164.78314209
2016-12-31 23:23:06.819,442.0,,,86.08174896,,,1.51266837,,34.89825058,145.47817993,,149.34126282,,
2016-12-31 23:24:06.811,417.0,,,85.2146759,,,0.25870538,,,,,,,
2016-12-31 23:25:06.822,507.0,,,85.96075439,,,0.0,,,,,,148.84945679,
2016-12-31 23:26:06.829,457.0,,,,,,,,,,,,134.40107727,166.59158325
2016-12-31 23:27:06.823,527.0,,,,,,,,,,,,153.42477417,
2016-12-31 23:28:06.834,531.0,,,85.69863129,,,,0.23502813,,,,,,
2016-12-31 23:29:06.838,523.0,,,84.91222382,,,,,,,,,,
2016-12-31 23:30:06.835,432.0,,,85.65830231,,,,,,,,,,
2016-12-31 23:31:06.838,484.0,,,,,,,,35.49130249,,,,,
2016-12-31 23:32:06.837,550.0,,,85.69863129,,,,,,,,,,
2016-12-31 23:33:06.850,553.0,,,81.68591309,,,,,,,,,,
2016-12-31 23:34:06.853,563.0,,,80.7381897,,,5e-08,,35.71871185,,,,,
2016-12-31 23:35:06.849,449.0,,,81.58509064,,,,,,,,,,
2016-12-31 23:36:06.862,516.0,,,,,,,,,,,,,
2016-12-31 23:37:06.861,496.0,,,,,,,0.23502181,,145.47817993,,149.3384552,,
2016-12-31 23:38:06.864,542.0,,,,,,,,,,,,155.83283997,
2016-12-31 23:39:06.870,498.0,,,,,,,,,,,,142.82931519,
2016-12-31 23:40:06.870,508.0,,,,,,,,,,,,158.00010681,
2016-12-31 23:41:06.877,568.0,,,,,,,,35.99878693,,,,,
2016-12-31 23:42:06.883,503.0,,,,,,,,,,,,,
2016-12-31 23:43:06.886,530.0,,,,,,0.0,,,,,,,
2016-12-31 23:44:06.881,490.0,,,81.86739349,,,,,,,,,,
2016-12-31 23:45:06.892,508.0,,,80.77851868,,,,,,,,,,
2016-12-31 23:46:06.894,450.0,,,81.22212982,,,,0.23502181,,,,,,
2016-12-31 23:47:06.906,502.0,,,82.19002533,,,,,,,,,148.84945679,
2016-12-31 23:48:06.900,524.0,,,,,,,,,,,,,
2016-12-31 23:49:06.916,528.0,,,81.68591309,,,,,,,,,,
2016-12-31 23:50:06.898,455.0,,,,,,,,36.51077652,,,,,
2016-12-31 23:51:06.923,436.0,,,,,,,,,145.23738098,,148.92222595,,
2016-12-31 23:52:06.930,518.0,,,,,,0.0,,,,,,,
2016-12-31 23:53:06.938,563.0,,,,,,,,,,,,,
2016-12-31 23:54:06.937,487.0,,,81.70607758,,,,,,,,,,165.8584137
2016-12-31 23:55:06.941,552.0,,,85.88011169,,,,0.23502181,36.69415665,,,,,
2016-12-31 23:56:06.945,598.0,,,,,,,,,,,,,
2016-12-31 23:57:06.949,460.0,,,,,,,,,,,,155.83283997,
2016-12-31 23:58:06.950,487.0,,,,,,,,,,,,,
2016-12-31 23:59:06.958,578.0,,,,,,,,,,,,147.16381836,
